2081  89.672e-09  17.854e-09  16.704e-08  18.375e-09
        10.456e-07  48.301e-09  41.708e-07  71.686e-08
            1.222       0.256      -0.064
            1.150       0.126       0.000
            0.638       0.057      12.352
  2083  54.700e-07  22.929e-09  90.178e-07  29.653e-09
        30.502e-06  87.983e-09  39.117e-06  64.770e-08
           46.554       0.924       1.216
           45.415       0.457       1.280
           39.203       0.213       1.664
  2087  18.749e-08  10.890e-09  26.201e-08  12.708e-09
        92.307e-08  32.727e-09  17.687e-07  42.218e-08
            2.266       0.276       0.576
            2.105       0.134       0.768
            1.722       0.064       1.216
  2090  14.959e-07  21.459e-09  21.015e-07  19.944e-09
        68.052e-07  55.375e-09  54.711e-07  56.462e-08
           10.822       0.460       0.832
           10.155       0.224       0.896
            8.854       0.106       1.344
  2093  37.585e-08  15.044e-09  47.567e-08  17.712e-09
        77.575e-08  44.542e-09  17.581e-07  65.455e-08
            1.040       0.226      21.632
            0.981       0.111      21.696
            0.601       0.051      22.400
  2095  20.451e-10  19.393e-10  11.714e-10  17.547e-10
        27.089e-09  45.400e-10  16.519e-07  14.224e-08
            1.229       0.273       0.000
            0.374       0.114       0.064
            0.061       0.054       0.512
  2099  18.135e-09  14.369e-09  11.515e-08  14.450e-09
        53.969e-08  35.727e-09  16.058e-08  26.651e-08
            1.012       0.253       1.088
            0.832       0.123       1.088
            0.768       0.060       1.536
  2101  29.955e-08  18.130e-09  44.408e-08  18.676e-09
        14.340e-07  42.992e-09  31.449e-07  48.126e-08
            0.724       0.205      16.768
            0.481       0.099       0.896
            0.446       0.049       1.664
  2102  44.562e-08  20.904e-09  46.588e-08  17.279e-09
        14.046e-07  44.146e-09  14.895e-08  35.338e-08
            1.793       0.256       1.664
            1.614       0.125       1.664
            1.502       0.061       2.304
  2103  12.346e-09  33.355e-10  15.745e-09  27.699e-10
        10.479e-08  78.714e-10  41.015e-08  11.581e-08
            1.511       0.246       0.000
            1.239       0.118       0.192
            0.494       0.051       0.320
  2105  19.432e-08  15.297e-09  17.986e-08  16.533e-09
        38.571e-08  37.700e-09       0.000  44.301e-08
            1.072       0.225       0.064
            0.999       0.110       0.128
            0.764       0.053       0.640
  2106  50.369e-08  17.624e-09  91.901e-08  21.450e-09
        38.288e-07  59.813e-09  73.333e-07  75.237e-08
            1.806       0.256       7.744
            1.562       0.125       7.872
            1.450       0.062       8.064
  2110  84.484e-08  21.423e-09  20.423e-07  25.951e-09
        10.443e-06  68.966e-09  27.119e-06  69.968e-08
            4.926       0.378      19.008
            4.596       0.183      19.776
            4.195       0.089      19.776
  2111  55.068e-08  18.281e-09  12.344e-07  22.389e-09
        21.659e-07  58.149e-09  61.777e-08  57.089e-08
            1.361       0.241       0.384
            1.222       0.118       0.448
            1.105       0.058       1.344
  2112  55.670e-08  27.967e-09  40.747e-08  30.133e-09
        49.690e-08  79.238e-09  19.027e-06  27.382e-07
            0.712       0.214       0.448
            0.574       0.104       0.512
            0.530       0.052       1.088
  2114  27.603e-09  17.995e-09  55.890e-09  16.515e-09
        42.100e-08  41.164e-09  23.166e-08  36.961e-08
            0.996       0.233       1.792
            0.782       0.113       1.856
            0.547       0.054       2.112
  2115  17.161e-09  30.674e-10  22.623e-09  29.947e-10
        82.464e-09  76.867e-10  80.409e-09  73.001e-09
            2.895       0.279       0.256
            1.099       0.115       0.384
            0.487       0.053       0.832
  2117       0.000  74.679e-10  13.331e-09  68.483e-10
        10.601e-08  16.151e-09  45.722e-08  15.050e-08
            1.631       0.483      -0.192
            0.927       0.227       0.000
            0.444       0.107       0.320
  2119  17.584e-08  15.506e-09  37.315e-08  17.998e-09
        99.463e-08  50.312e-09       0.000  36.102e-08
            1.212       0.252       2.368
            0.944       0.121       2.048
            0.862       0.060       2.432
  2122  18.223e-07  32.832e-09  25.940e-07  41.345e-09
        79.513e-07  11.579e-08  30.112e-06  18.298e-07
            1.994       0.283      16.896
            1.891       0.139      17.088
            1.660       0.067      17.536
  2123  12.405e-07  18.042e-09  15.954e-07  21.484e-09
        28.498e-07  51.061e-09  67.421e-08  46.757e-08
            2.285       0.268       6.272
            2.123       0.131       6.336
            1.840       0.063       7.040
  2125  40.941e-09  19.922e-10  85.848e-09  28.525e-10
        52.013e-08  10.402e-09  39.092e-07  21.379e-08
           15.429       0.564       0.064
            9.335       0.224       0.256
            2.501       0.069       0.896
  2126  15.249e-09  28.698e-10  24.689e-09  30.444e-10
        16.213e-08  87.291e-10  18.820e-08  82.546e-09
            3.732       0.314       0.000
            2.318       0.138       0.192
            0.765       0.056       0.896
  2129  19.771e-08  18.820e-09  11.423e-08  16.127e-09
        33.732e-08  38.887e-09       0.000  27.269e-08
            0.808       0.217       0.512
            0.558       0.103       0.576
            0.425       0.050       0.960
  2132  38.026e-10  13.406e-10  11.093e-09  15.874e-10
        40.402e-09  45.416e-10       0.000  10.989e-08
            2.274       0.270       0.000
            0.872       0.109       0.064
            0.217       0.048       0.832
  2133  97.960e-09  19.809e-09  12.442e-08  15.838e-09
        31.823e-08  39.196e-09       0.000  28.097e-08
            1.044       0.233       2.048
            0.778       0.112       0.384
            0.624       0.054       0.512
  2138  43.949e-07  27.643e-09  54.730e-07  37.237e-09
        18.536e-06  92.067e-09  12.139e-06  78.059e-08
            7.084       0.394      75.584
            7.004       0.196      75.776
            6.772       0.097      75.776
  2140  48.766e-08  16.529e-09  33.848e-08  17.440e-09
        45.571e-08  42.095e-09       0.000  47.237e-08
            0.644       0.205       3.008
            0.520       0.099       3.008
            0.488       0.049       1.088
  2142  14.067e-09  11.800e-09  71.285e-09  12.254e-09
        42.600e-08  30.962e-09       0.000  21.896e-08
            1.314       0.260       0.128
            1.061       0.125       0.320
            0.980       0.062       0.832
  2143  27.832e-08  20.616e-09  52.286e-08  25.123e-09
        18.217e-07  71.729e-09  16.824e-07  89.517e-08
            0.939       0.243       6.080
            0.777       0.118       6.144
            0.638       0.058       6.912
  2145  33.890e-10  22.926e-10  98.610e-10  26.056e-10
        46.064e-09  72.375e-10  13.044e-08  95.889e-09
            0.985       0.220       0.000
            0.692       0.103       0.128
            0.236       0.046       0.320
  2146  50.523e-10  16.605e-10  60.834e-10  19.797e-10
        73.025e-09  65.513e-10  28.694e-08  17.193e-08
            1.682       0.323       0.064
            1.117       0.148       0.192
            0.300       0.064       0.960
  2148  31.188e-08  20.476e-09  39.863e-08  24.090e-09
        10.625e-07  57.948e-09       0.000  36.533e-08
            1.517       0.239      52.288
            1.401       0.117      52.416
            1.143       0.056      53.056
  2149  34.772e-07  31.819e-09  33.890e-07  32.023e-09
        47.005e-07  78.746e-09  23.676e-07  85.769e-08
            1.614       0.239      13.312
            1.394       0.114      14.016
            1.287       0.056      11.584
  2151  12.076e-07  23.945e-09  16.556e-07  30.346e-09
        99.194e-07  81.678e-09  53.832e-06  11.358e-07
          167.841       2.630       0.000
          105.062       0.950       0.192
           34.903       0.280       0.960
  2152  16.617e-08  11.253e-09  15.585e-08  13.233e-09
        44.889e-09  31.688e-09       0.000  47.801e-08
            0.922       0.245      -0.704
            0.741       0.120      -0.704
            0.421       0.057       0.064
  2155  14.707e-09  26.685e-10  18.595e-09  29.228e-10
        16.836e-08  86.588e-10  71.294e-08  14.265e-08
            1.916       0.265       0.064
            1.359       0.121       0.256
            0.730       0.054       0.768
  2156  43.511e-07  19.196e-09  13.887e-06  56.169e-09
        59.562e-06  15.604e-08  92.034e-06  15.317e-07
           18.282       0.615     102.336
           16.570       0.295     102.464
           12.179       0.130      15.424
  2159  27.688e-10  71.249e-11  21.286e-10  76.598e-11
        11.008e-09  22.112e-10       0.000  60.732e-09
            0.823       0.210      -0.128
            0.441       0.097      -0.064
            0.161       0.045       0.128
  2161  21.318e-10  17.628e-10  57.399e-10  17.067e-10
        46.474e-09  48.867e-10  14.651e-08  10.955e-08
            1.926       0.273       0.000
            0.769       0.117       0.064
            0.187       0.053       0.704
  2163  64.537e-10  27.889e-10  17.620e-09  31.063e-10
        86.550e-09  85.617e-10  33.112e-08  10.926e-08
            1.133       0.250       0.128
            0.873       0.120       0.192
            0.436       0.055       0.512
  2167  75.519e-10  19.227e-10  19.836e-09  20.236e-10
        10.649e-08  56.561e-10  53.982e-08  11.010e-08
            4.882       0.355       0.000
            1.984       0.137       0.192
            0.529       0.056       0.256
  2181  33.097e-08  20.047e-09  37.803e-08  17.547e-09
        10.873e-07  49.270e-09  72.611e-08  60.476e-08
            0.901       0.208       2.112
            0.737       0.101       2.304
            0.625       0.049       2.688
  2187  15.777e-08  22.252e-09  14.615e-08  20.328e-09
        37.114e-08  47.384e-09  19.724e-08  49.710e-08
            0.505       0.253       0.704
            0.417       0.124       0.832
            0.283       0.060       0.896
  2188  61.927e-08  27.279e-09  68.191e-08  24.773e-09
        16.381e-07  64.237e-09  16.155e-07  80.480e-08
            1.031       0.225       0.704
            0.842       0.108       0.896
            0.698       0.053       1.472
  2189  15.205e-08  14.645e-09  43.607e-08  17.822e-09
        96.924e-08  47.122e-09  25.928e-08  40.394e-08
            0.706       0.224       6.016
            0.525       0.107       7.104
            0.426       0.053       6.976
  2190  11.652e-07  23.413e-09  11.198e-07  20.407e-09
        29.798e-07  55.415e-09  52.966e-07  78.819e-08
            2.004       0.266      21.760
            1.821       0.130      21.952
            1.519       0.062      22.400
  2191  23.415e-08  21.600e-09  27.276e-08  23.199e-09
        10.216e-07  57.145e-09  30.703e-07  78.600e-08
            1.104       0.294       1.408
            0.831       0.141       1.472
            0.761       0.070       1.472
  2193  60.952e-08  24.629e-09  19.965e-07  29.302e-09
        11.367e-06  80.864e-09  13.233e-06  78.852e-08
            1.784       0.259      12.800
            1.546       0.127      12.992
            1.483       0.063      13.184
  2197  43.798e-08  16.108e-09  79.467e-08  19.383e-09
        18.342e-07  47.729e-09  10.571e-07  49.512e-08
            1.263       0.224       3.136
            1.040       0.108       3.136
            0.933       0.053       3.456
  2201  75.180e-10  35.075e-10  14.584e-09  29.810e-10
        72.679e-09  84.345e-10  21.736e-08  10.675e-08
            1.893       0.268       0.000
            1.261       0.124       0.064
            0.371       0.054       0.576
  2202  22.903e-08  16.936e-09  21.523e-08  15.945e-09
        10.608e-08  42.855e-09  14.076e-08  69.880e-08
            0.794       0.229       8.384
            0.580       0.110       8.512
            0.413       0.053       8.832
  2203  22.388e-08  18.043e-09  24.677e-08  15.846e-09
        67.250e-08  41.045e-09  10.448e-07  50.496e-08
            1.854       0.280       0.768
            1.364       0.131       0.960
            1.134       0.063       1.152
  2204  13.133e-08  14.368e-09  15.473e-08  17.394e-09
        33.309e-08  48.249e-09  38.899e-08  70.217e-08
            0.880       0.233       0.064
            0.720       0.112       0.256
            0.496       0.054       0.832
  2205  28.235e-10  11.166e-09  10.243e-09  12.654e-09
        70.893e-09  35.449e-09  11.698e-07  66.371e-08
            0.937       0.231      -0.064
            0.857       0.113       0.064
            0.290       0.051       0.768
  2206  70.019e-10  28.230e-10  13.665e-09  32.597e-10
        12.106e-08  98.067e-10  17.381e-08  11.686e-08
            1.909       0.297       0.000
            1.392       0.138       0.192
            0.522       0.060       0.576
  2207  91.115e-09  17.084e-09  85.931e-09  17.932e-09
        13.410e-08  41.380e-09       0.000  70.376e-08
            0.584       0.228      -0.576
            0.488       0.112      -0.384
            0.329       0.054       0.064
  2211  79.261e-08  34.651e-09  11.630e-07  34.994e-09
        49.862e-07  87.445e-09  79.940e-07  93.977e-08
            1.636       0.261       4.608
            1.397       0.127       5.120
            1.229       0.062       5.952
  2213  87.952e-08  31.632e-09  12.536e-07  32.642e-09
        35.403e-07  86.599e-09  36.226e-07  10.841e-07
            4.663       0.374       1.600
            4.591       0.185       1.792
            4.122       0.089       1.920
  2217  21.093e-09  28.080e-10  29.111e-09  30.864e-10
        41.386e-08  11.004e-09  41.564e-07  20.770e-08
            3.563       0.314       0.384
            3.015       0.149       0.448
            1.615       0.062       0.832
  2219  39.810e-08  19.881e-09  41.174e-08  17.360e-09
        98.718e-08  50.071e-09       0.000  57.540e-08
            1.959       0.262       2.880
            1.621       0.125       3.008
            1.159       0.058       3.392
  2220  71.227e-10  32.153e-10  20.300e-09  31.008e-10
        77.977e-09  76.019e-10  24.883e-08  79.709e-09
            2.228       0.262       0.000
            1.432       0.119       0.128
            0.432       0.052       0.192
  2228  22.214e-07  24.525e-09  41.449e-07  33.025e-09
        12.387e-06  84.872e-09  96.826e-07  80.383e-08
            9.232       0.448      32.832
            8.105       0.211      32.960
            5.205       0.088      33.280
  2230  77.618e-09  20.550e-09  81.441e-09  16.787e-09
        21.062e-08  44.207e-09       0.000  69.522e-08
            0.563       0.194      -0.768
            0.378       0.093      -0.768
            0.276       0.045       0.000
  2232  10.116e-07  21.688e-09  14.524e-07  20.973e-09
        49.951e-07  59.046e-09  46.289e-07  68.341e-08
            6.650       0.384      49.856
            6.018       0.184      49.920
            5.204       0.087      47.296
  2233  90.032e-09  17.672e-09  10.621e-08  19.252e-09
        32.809e-08  46.034e-09  18.632e-07  83.117e-08
            0.498       0.210      -0.448
            0.317       0.101      -0.448
            0.227       0.049      -0.192
  2240  42.357e-08  25.132e-09  47.450e-08  27.807e-09
        10.278e-07  68.463e-09       0.000  65.057e-08
            0.813       0.247       4.672
            0.598       0.120       4.736
            0.507       0.059       4.928
  2244  39.886e-08  52.176e-09  72.265e-08  43.464e-09
        20.817e-07  11.037e-08       0.000  70.450e-08
            0.557       0.201     233.344
            0.474       0.099     233.408
            0.376       0.049     233.408
  2252  36.365e-08  22.174e-09  47.352e-08  20.653e-09
        14.918e-07  55.672e-09       0.000  38.013e-08
            0.808       0.201       3.584
            0.641       0.097       3.712
            0.527       0.047       4.096
  2253  35.325e-08  16.521e-09  52.852e-08  19.385e-09
        15.606e-07  46.868e-09  10.871e-08  29.754e-08
            2.746       0.281       9.152
            2.176       0.132       9.216
            1.091       0.057       9.344
  2254  11.712e-08  12.724e-09  18.870e-08  14.162e-09
        63.805e-08  34.844e-09  39.496e-08  35.879e-08
            1.751       0.251       0.448
            1.638       0.122       0.576
            1.416       0.059       1.024
  2255  15.332e-07  18.780e-09  25.969e-07  24.002e-09
        68.719e-07  59.440e-09  38.932e-07  55.926e-08
            3.467       0.296      97.408
            3.145       0.143      97.856
            2.966       0.070      97.984
  2265  47.054e-10  28.397e-10  22.548e-09  30.636e-10
        10.557e-08  80.170e-10  19.945e-09  56.262e-09
            1.355       0.242       0.128
            1.111       0.117       0.192
            0.538       0.052       0.576
  2267  18.253e-08  14.260e-09  34.470e-08  16.489e-09
        10.841e-07  42.859e-09  24.051e-07  57.645e-08
            1.109       0.227       0.704
            0.964       0.111       1.024
            0.908       0.055       1.216
  2268  69.309e-09  14.181e-09  11.541e-08  15.122e-09
        43.872e-08  37.434e-09       0.000  25.957e-08
            2.528       0.280       0.256
            2.349       0.137       0.320
            1.294       0.059       0.704
  2271  13.249e-07  13.217e-08  22.833e-07  14.909e-08
        58.648e-07  35.471e-08  81.999e-08  26.408e-07
            2.726       0.315       1.152
            2.246       0.149       1.280
            1.298       0.065       1.216
  2273  38.153e-09  24.002e-10  85.498e-09  28.709e-10
        53.248e-08  89.733e-10  21.830e-07  12.633e-08
           18.593       0.550       0.000
            9.481       0.207       0.192
            2.539       0.067       0.896
  2276  30.271e-07  52.444e-09  22.971e-07  53.046e-09
        26.006e-07  11.839e-08  20.765e-06  22.334e-07
            1.025       0.216       2.816
            0.854       0.105       3.008
            0.790       0.052       3.712
  2277  36.749e-08  31.715e-09  55.663e-08  30.240e-09
        21.809e-07  72.082e-09  12.781e-07  67.846e-08
            1.328       0.242      64.192
            1.166       0.119      64.384
            1.004       0.058      64.576
  2279  75.361e-10  37.758e-10  29.044e-09  35.857e-10
        12.406e-08  89.112e-10  37.917e-08  84.573e-09
            7.002       0.422       0.000
            2.200       0.147       0.000
            0.649       0.059       0.000
  2283       0.000  16.579e-09  12.057e-09  13.800e-09
        14.010e-08  39.362e-09  19.572e-07  84.953e-08
            0.993       0.213       1.920
            0.720       0.102       0.192
            0.228       0.045       0.320
  2287  27.555e-07  52.151e-09  67.640e-07  72.490e-09
        19.930e-06  18.453e-08  86.315e-07  16.433e-07
            2.096       0.273      21.184
            1.911       0.134      21.312
            1.771       0.066      22.080
  2288  47.646e-10  30.467e-10  60.938e-10  28.048e-10
        59.409e-09  65.925e-10  71.664e-09  69.958e-09
            0.902       0.207      -0.128
            0.795       0.102       0.000
            0.256       0.046       0.768
  2289  66.072e-08  21.193e-08       0.000  23.285e-08
        95.126e-08  66.492e-08       0.000  46.401e-07
            0.511       0.264       0.000
            0.369       0.130       0.000
            0.307       0.064       0.000
  2290  42.148e-08  21.762e-08  49.219e-08  26.792e-08
        85.735e-08  74.324e-08       0.000  18.461e-06
            0.825       0.232      -0.192
            0.706       0.113       0.000
            0.268       0.051     298.112
  2291  65.649e-11  13.862e-10  23.412e-10  14.771e-10
        16.178e-09  42.348e-10  14.291e-08  11.253e-08
            0.890       0.234       0.000
            0.278       0.101       0.128
            0.051       0.048       0.000
  2298  72.044e-08  31.594e-09  86.897e-08  28.796e-09
        26.142e-07  73.601e-09  46.406e-08  58.539e-08
            0.682       0.223      12.992
            0.538       0.108      16.192
            0.421       0.053      15.616
  2304  41.315e-08  35.355e-09  53.004e-08  30.734e-09
        13.613e-07  79.155e-09  69.253e-08  83.537e-08
            0.885       0.216       0.256
            0.767       0.105       0.256
            0.654       0.051       0.704
  2306  55.239e-09  16.100e-09  24.531e-08  17.077e-09
        75.998e-08  44.114e-09  22.843e-07  53.885e-08
            1.058       0.232       0.768
            1.008       0.115       0.640
            0.958       0.057       0.960
  2309  17.063e-08  18.156e-09  35.902e-08  20.296e-09
        21.841e-07  52.373e-09  35.812e-07  62.682e-08
            1.823       0.247       5.312
            1.383       0.116       1.856
            1.243       0.057       2.240
  2310  26.065e-08  32.805e-09  21.369e-08  27.657e-09
        56.602e-08  68.010e-09  48.118e-08  80.645e-08
            0.672       0.207      -0.960
            0.523       0.100      -0.768
            0.395       0.048      -0.384
  2311  23.034e-08  21.938e-09  22.530e-08  23.460e-09
        48.736e-08  59.132e-09  20.512e-07  10.959e-07
            0.930       0.248       0.000
            0.749       0.122       0.064
            0.580       0.059       0.512
  2312  85.729e-10  29.307e-10  10.532e-09  30.200e-10
        10.435e-08  84.254e-10  45.113e-08  13.563e-08
            1.801       0.282       0.064
            1.505       0.134       0.128
            0.444       0.054       0.320
  2315  72.815e-08  31.317e-09  11.162e-07  26.456e-09
        35.077e-07  67.543e-09  14.940e-07  59.024e-08
            1.772       0.263       7.168
            1.661       0.130       7.168
            1.638       0.065       7.744
  2316  57.813e-07  55.524e-09  67.308e-07  56.342e-09
        20.666e-06  14.131e-08  20.912e-06  12.575e-07
            4.041       0.362       9.920
            3.828       0.178       9.408
            3.672       0.088      10.112
  2317  12.128e-08  34.687e-10  22.096e-08  45.225e-10
        42.043e-08  10.621e-09  28.581e-09  54.723e-09
            9.733       0.463       0.512
            5.761       0.187       0.704
            3.439       0.078       0.960
  2320  76.745e-09  35.920e-10  14.104e-08  42.788e-10
        54.185e-08  11.219e-09  10.273e-07  95.619e-09
           11.034       0.468       0.064
            7.950       0.206       0.192
            3.070       0.075       0.960
  2321  10.304e-07  21.700e-09  15.117e-07  24.169e-09
        52.809e-07  69.320e-09  17.391e-07  63.080e-08
            8.407       0.421       5.248
            7.540       0.203       5.376
            6.030       0.093       3.776
  2324  71.221e-08  40.785e-09  15.880e-07  43.195e-09
        33.768e-07  99.205e-09  30.467e-07  93.539e-08
            1.004       0.218      10.048
            0.825       0.106      11.136
            0.686       0.052      11.840
  2325  86.281e-09  30.804e-09  28.736e-09  24.620e-09
        39.642e-08  67.211e-09       0.000  10.252e-07
            1.449       0.241       0.064
            0.744       0.106       0.256
            0.250       0.047      16.640
  2326  10.904e-10  10.799e-10  63.157e-10  14.095e-10
        32.445e-09  49.590e-10  44.571e-08  15.534e-08
            1.373       0.244       0.000
            0.607       0.107       0.000
            0.185       0.049       0.128
  2327  35.435e-09  29.055e-09  17.831e-09  23.688e-09
        86.176e-09  52.905e-09  27.765e-08  71.616e-08
            0.515       0.274      -0.256
            0.406       0.135      -0.384
            0.317       0.067       0.064
  2328  12.464e-07  29.721e-09  15.483e-07  33.223e-09
        28.144e-07  83.357e-09  25.171e-07  99.876e-08
            1.709       0.268       6.080
            1.566       0.132       6.144
            1.366       0.064       6.144
  2329  46.347e-07  17.183e-09  11.305e-06  38.602e-09
        54.578e-06  12.758e-08  31.066e-05  17.760e-07
           42.573       0.895      12.096
           40.395       0.439      12.160
           25.255       0.182       8.256
  2330  28.668e-09  34.705e-10  49.015e-09  34.344e-10
        32.754e-08  91.762e-10  13.954e-07  96.973e-09
            8.034       0.397       0.704
            4.906       0.166       0.768
            1.522       0.060       0.896
  2332  14.436e-10  83.257e-11  33.900e-10  89.435e-11
        16.898e-09  27.396e-10  71.543e-09  76.222e-09
            1.276       0.252       0.000
            0.464       0.108       0.064
            0.143       0.051       0.704
  2340  41.710e-08  24.695e-09  72.399e-08  21.918e-09
        16.142e-07  59.428e-09  13.360e-07  69.391e-08
            1.774       0.243      15.232
            1.606       0.119      14.336
            1.373       0.058      14.976
  2344  18.571e-08  25.239e-09  20.674e-08  21.764e-09
        66.250e-08  57.846e-09  72.527e-07  11.926e-07
            0.513       0.210       1.472
            0.455       0.103      -0.704
            0.323       0.050      -0.384
  2345  30.911e-08  25.271e-09  54.688e-08  27.469e-09
        15.326e-07  72.407e-09  31.506e-07  96.525e-08
            2.627       0.286       3.456
            2.486       0.141       3.584
            1.840       0.064       4.352
  2346  96.629e-08  27.551e-09  12.654e-07  30.949e-09
        23.809e-07  71.754e-09  83.372e-08  65.837e-08
            3.224       0.312      40.000
            2.927       0.152      40.000
            2.561       0.073      40.192
  2347  68.589e-09  17.736e-09  15.695e-08  17.769e-09
        27.701e-08  41.528e-09  51.211e-08  43.664e-08
            0.783       0.232      -0.192
            0.543       0.112      -0.320
            0.461       0.056       0.064
  2349  91.273e-09  14.409e-09  12.345e-08  16.164e-09
        21.409e-08  41.290e-09       0.000  65.743e-08
            0.591       0.233      -0.128
            0.418       0.114      -0.128
            0.374       0.056       0.384
  2352  10.295e-09  28.842e-10  18.961e-09  28.299e-10
        59.662e-09  69.218e-10  54.118e-09  70.001e-09
            0.833       0.215       0.000
            0.629       0.102       0.192
            0.370       0.048       0.768
  2353  11.284e-09  30.464e-10  29.384e-09  32.445e-10
        16.869e-08  90.495e-10  19.786e-08  89.694e-09
            1.377       0.254       0.000
            1.305       0.125       0.192
            0.813       0.058       0.896
  2357  18.109e-09  33.401e-10  38.841e-09  29.436e-10
        16.559e-08  84.380e-10  12.546e-08  78.620e-09
            2.381       0.267       0.064
            2.017       0.128       0.192
            0.898       0.054       0.384
  2358  79.373e-11  26.040e-09  72.586e-10  19.489e-09
        96.778e-09  48.305e-09       0.000  41.205e-08
            0.808       0.237      -0.832
            0.461       0.112       0.000
            0.268       0.053       0.000
  2360  10.358e-09  30.331e-10  25.414e-09  27.473e-10
        77.862e-09  75.938e-10  87.108e-09  80.534e-09
            1.435       0.237       0.128
            1.170       0.114       0.192
            0.483       0.049       0.768
  2362  63.944e-08  22.323e-09  57.434e-08  20.306e-09
        81.129e-08  52.774e-09       0.000  63.489e-08
            3.754       0.301       0.704
            3.354       0.144       0.704
            2.550       0.066       1.088
  2365  21.479e-09  20.311e-09  49.971e-09  16.785e-09
        21.016e-08  52.519e-09  20.394e-08  67.195e-08
            1.417       0.272      -0.192
            0.994       0.128      -0.128
            0.412       0.058       0.256
  2367  15.547e-08  17.643e-09  20.218e-08  14.666e-09
        52.910e-08  41.177e-09  38.011e-08  48.465e-08
            4.600       0.348       0.320
            4.078       0.166       0.512
            2.188       0.069       0.704
  2368  38.300e-09  14.159e-09  68.209e-09  15.548e-09
        22.748e-08  39.536e-09  84.650e-08  55.818e-08
            0.643       0.248      -0.832
            0.478       0.122      -0.704
            0.425       0.060       0.064
  2371  12.917e-07  17.044e-09  24.703e-07  22.858e-09
        69.101e-07  58.991e-09  78.031e-07  57.123e-08
            5.018       0.346       8.256
            4.690       0.169       7.936
            4.375       0.082       8.704
  2372       0.000  27.526e-10  95.443e-10  28.833e-10
        29.522e-09  75.434e-10  64.178e-09  75.241e-09
            1.257       0.236       0.000
            0.486       0.103       0.064
            0.171       0.047       0.448
  2373  22.638e-08  18.223e-09  35.503e-08  20.991e-09
        70.433e-08  51.971e-09  17.494e-08  46.193e-08
            0.605       0.224       6.848
            0.504       0.109       6.976
            0.423       0.054       7.424
  2375  32.341e-08  29.585e-09  37.886e-08  33.083e-09
        24.787e-07  85.765e-09  29.939e-07  10.035e-07
            1.582       0.312       4.160
            1.104       0.147       3.648
            0.913       0.071       4.288
  2377  24.656e-09  34.338e-10  41.405e-09  35.926e-10
        36.975e-08  10.386e-09  21.255e-07  13.575e-08
            3.983       0.330       0.320
            2.936       0.152       0.320
            1.585       0.065       0.512
  2380  37.078e-08  25.722e-09  65.001e-08  26.705e-09
        29.055e-07  66.638e-09  20.131e-07  71.955e-08
            1.198       0.226       6.336
            0.962       0.109       6.912
            0.855       0.053       7.232
  2381  80.325e-09  23.696e-09  21.494e-08  23.172e-09
        20.048e-08  51.432e-09       0.000  49.384e-08
            0.705       0.216      -1.600
            0.534       0.106       0.064
            0.372       0.051       0.192
  2382  70.833e-09  16.412e-09  53.604e-09  14.926e-09
        28.549e-09  42.424e-09  15.324e-07  22.167e-07
            0.588       0.218      -0.320
            0.366       0.105      -0.320
            0.239       0.051       0.000
  2383  59.499e-08  24.946e-09  10.247e-07  28.176e-09
        56.340e-07  75.647e-09  25.937e-06  12.656e-07
            3.220       0.302       3.968
            3.063       0.147       5.120
            2.493       0.069       5.504
  2384  53.283e-10  13.356e-10  98.302e-10  15.388e-10
        17.269e-09  41.121e-10  84.657e-09  11.970e-08
            1.124       0.229       0.000
            0.545       0.103       0.192
            0.159       0.047       0.192
  2385  67.466e-09  18.202e-09  23.766e-08  18.797e-09
        83.237e-08  47.430e-09       0.000  44.459e-08
            0.638       0.229      -0.576
            0.562       0.113      -0.576
            0.398       0.055      -0.576
  2387  16.181e-07  17.180e-09  34.080e-07  23.623e-09
        96.800e-07  65.789e-09  74.606e-07  62.640e-08
            4.107       0.329       5.760
            3.861       0.161       6.400
            3.718       0.080       6.464
  2389  29.489e-07  23.694e-09  58.157e-07  31.832e-09
        15.275e-06  82.844e-09  27.132e-07  56.565e-08
            3.914       0.329      13.248
            3.601       0.161      13.248
            3.453       0.079      13.312
  2391  10.142e-08  23.764e-09  21.062e-08  20.536e-09
        54.388e-08  58.377e-09  32.163e-07  99.205e-08
            0.525       0.192       2.240
            0.348       0.092       0.064
            0.298       0.045       0.448
  2392  31.680e-08  15.887e-09  26.228e-08  17.238e-09
        43.766e-08  45.856e-09  30.799e-08  58.383e-08
            0.648       0.240       0.640
            0.591       0.117       0.704
            0.504       0.058       0.704
  2393  13.564e-07  14.577e-09  11.048e-07  15.859e-09
        13.260e-07  35.157e-09  12.175e-07  43.039e-08
            4.388       0.315       2.368
            4.212       0.156       2.560
            3.750       0.075       3.136
  2394  87.989e-08  24.890e-09  10.817e-07  30.888e-09
        28.193e-07  87.003e-09  20.823e-07  10.506e-07
            1.182       0.233      10.944
            1.116       0.115      11.584
            0.982       0.056      11.712
  2395  41.830e-11  21.537e-10  90.176e-10  21.433e-10
        31.302e-09  55.693e-10  21.624e-09  88.974e-09
            1.662       0.312       0.000
            0.676       0.138       0.064
            0.181       0.063       0.704
  2401  50.419e-09  14.847e-09  46.893e-09  16.209e-09
        17.277e-08  45.256e-09  66.052e-08  79.981e-08
            0.704       0.233      -0.832
            0.671       0.115      -0.640
            0.490       0.055      -0.064
  2405  12.933e-08  23.089e-09  19.809e-08  23.728e-09
        83.646e-08  64.476e-09  80.867e-08  81.964e-08
            1.213       0.221       0.064
            0.900       0.104       0.192
            0.450       0.047       0.896
  2408  25.484e-08  18.732e-09  10.829e-08  16.367e-09
        13.044e-08  44.054e-09  13.523e-07  11.263e-07
            0.709       0.223      -0.832
            0.560       0.108      -0.768
            0.420       0.052      -0.320
  2412  46.694e-09  11.235e-09  53.954e-09  10.379e-09
             0.000  22.566e-09  17.528e-06  23.753e-07
            0.707       0.210      -1.216
            0.549       0.103      -1.088
            0.358       0.049      -0.512
  2419  74.022e-09  33.128e-09  28.983e-08  31.372e-09
        12.306e-07  76.541e-09  14.638e-07  73.424e-08
            0.729       0.208       2.624
            0.550       0.101       2.688
            0.441       0.050       1.984
  2423  16.614e-08  18.032e-09  24.405e-08  19.673e-09
        43.324e-08  43.196e-09  24.242e-09  30.314e-08
            0.708       0.222       1.472
            0.519       0.107       1.536
            0.438       0.053       1.792
  2424  31.482e-09  17.001e-09  39.888e-09  20.464e-09
        63.437e-09  55.635e-09  14.241e-07  14.865e-07
            0.619       0.207      -0.256
            0.435       0.100      -0.064
            0.265       0.048       0.384
  2428  52.646e-08  30.327e-09  11.892e-07  36.483e-09
        44.603e-07  97.334e-09  79.692e-07  12.063e-07
            2.342       0.280       3.968
            2.052       0.137       4.032
            1.706       0.065       4.288
  2429  15.222e-07  37.739e-09  30.961e-07  44.342e-09
        79.039e-07  10.653e-08  48.033e-07  91.508e-08
            1.467       0.239      13.888
            1.389       0.118      13.888
            1.325       0.059      14.528
  2430  53.969e-08  22.133e-09  49.371e-08  20.155e-09
        11.703e-07  59.035e-09  10.699e-07  86.127e-08
            0.809       0.225       0.640
            0.694       0.110       0.640
            0.648       0.055       1.024
  2431  12.551e-07  18.884e-09  23.998e-07  24.198e-09
        67.841e-07  64.104e-09  80.028e-07  63.691e-08
           43.833       0.894       0.832
           35.989       0.409       0.896
           20.996       0.161       1.216
  2432  42.620e-08  27.188e-09  43.713e-08  23.412e-09
        11.899e-07  50.373e-09  20.356e-07  52.334e-08
            1.427       0.284       2.048
            1.259       0.139       2.240
            1.168       0.069       2.240
  2434  47.085e-09  12.263e-09  17.754e-09  12.872e-09
        76.343e-09  31.465e-09       0.000  31.884e-08
            0.678       0.206       0.000
            0.553       0.100       0.064
            0.212       0.046       0.704
  2435  15.438e-07  37.825e-09  22.958e-07  48.328e-09
        51.118e-07  12.567e-08  74.318e-08  10.261e-07
            1.533       0.274     172.672
            1.386       0.135     172.736
            1.156       0.065     174.656
  2436  90.835e-08  24.840e-09  14.350e-07  27.326e-09
        68.400e-07  73.077e-09  10.259e-06  87.371e-08
            6.714       0.420       2.304
            6.076       0.203       2.432
            4.590       0.092       2.752
  2437  92.955e-09  21.788e-09  11.791e-08  23.325e-09
        52.536e-08  55.521e-09  19.367e-08  50.678e-08
            0.648       0.245       1.536
            0.485       0.120      -0.640
            0.385       0.059       0.896
  2438  55.571e-08  20.749e-09  70.678e-08  24.621e-09
        10.169e-07  59.111e-09       0.000  59.145e-08
            3.041       0.304       7.232
            2.847       0.149       7.360
            1.883       0.066       7.744
  2440  42.378e-08  27.413e-09  75.483e-08  31.340e-09
        14.636e-07  80.085e-09       0.000  58.644e-08
            1.057       0.258      30.464
            0.837       0.124      29.056
            0.742       0.061      26.880
  2441  37.171e-08  28.059e-09  31.317e-08  29.793e-09
        85.110e-08  74.201e-09  38.316e-07  13.663e-07
            0.530       0.195       0.256
            0.384       0.094       0.704
            0.355       0.047       0.704
  2442  75.790e-09  15.948e-09  97.395e-09  17.032e-09
        16.948e-08  42.782e-09       0.000  62.641e-08
            0.594       0.205       0.448
            0.479       0.101       0.640
            0.374       0.050       0.768
  2443  70.575e-08  33.480e-09  14.140e-07  38.524e-09
        41.455e-07  99.885e-09  81.114e-07  13.410e-07
            2.223       0.262       5.952
            2.095       0.129       6.528
            1.928       0.063       6.848
  2446  44.816e-08  17.386e-09  10.595e-07  20.936e-09
        40.623e-07  55.213e-09  34.544e-07  56.293e-08
            4.378       0.331       3.456
            3.830       0.158       4.096
            3.471       0.077       4.288
  2447  51.141e-08  33.458e-09  75.830e-08  33.874e-09
        70.027e-08  85.322e-09  14.742e-07  11.309e-07
            0.815       0.245      20.096
            0.552       0.118      -0.384
            0.468       0.058      21.056
  2448  13.438e-10  35.817e-10  16.290e-09  35.261e-10
        17.054e-08  10.178e-09  57.825e-08  94.834e-09
            0.845       0.250       0.384
            0.755       0.122       0.384
            0.647       0.059       0.640
  2449  42.555e-10  16.259e-10  37.993e-10  15.842e-10
        36.945e-09  48.256e-10  26.869e-08  13.268e-08
            1.251       0.253       0.000
            0.591       0.113       0.064
            0.167       0.051       0.640
  2450  21.851e-07  30.287e-09  40.553e-07  39.897e-09
        11.969e-06  10.857e-08  91.136e-07  12.496e-07
            8.277       0.426      66.880
            7.569       0.205      66.944
            6.567       0.097      67.008
  2451  13.711e-07  79.792e-09  21.845e-07  75.592e-09
        46.420e-07  14.726e-08       0.000  69.238e-08
            3.380       0.679       4.288
            2.821       0.328       4.416
            2.615       0.162       5.056
  2452  98.297e-08  25.911e-09  11.155e-07  23.387e-09
        17.447e-07  56.889e-09  32.340e-08  49.173e-08
            1.178       0.227       3.200
            0.993       0.110       5.952
            0.880       0.054       6.528
  2453  32.500e-08  17.534e-09  40.163e-08  18.633e-09
        43.274e-08  43.302e-09       0.000  44.603e-08
            1.790       0.258       4.224
            1.531       0.125       5.824
            1.069       0.059       4.800
  2454  39.104e-09  18.248e-09  96.225e-09  15.794e-09
        19.201e-08  42.845e-09  78.353e-08  68.144e-08
            1.158       0.240       0.000
            0.897       0.115       0.192
            0.698       0.056       0.832
  2458  38.612e-08  13.362e-09  27.262e-08  15.571e-09
        48.729e-08  39.274e-09  40.145e-08  52.955e-08
            3.036       0.292       0.448
            2.681       0.141       0.576
            1.862       0.064       1.216
  2460  15.813e-08  16.845e-09  17.188e-08  14.788e-09
        23.214e-08  35.314e-09       0.000  26.899e-08
            1.288       0.234       0.320
            1.044       0.112       0.192
            0.825       0.054       0.896
  2463  14.276e-09  13.535e-09  27.214e-09  14.567e-09
        43.394e-09  35.043e-09  73.567e-09  42.173e-08
            2.392       0.287       0.000
            0.588       0.113       0.064
            0.178       0.052       0.960
  2464  62.208e-10  84.186e-11  13.216e-09  11.088e-10
        99.952e-10  24.340e-10       0.000  70.326e-09
            2.232       0.266       0.064
            0.870       0.110       0.064
            0.256       0.049       0.064
  2472  12.099e-08  16.908e-09  24.134e-08  18.899e-09
        81.463e-08  46.975e-09  55.813e-08  51.253e-08
            0.642       0.212       5.760
            0.386       0.101       0.000
            0.290       0.049       3.072
  2476  24.300e-07  31.801e-09  26.561e-07  27.525e-09
        37.981e-07  62.868e-09  52.430e-08  45.029e-08
            2.066       0.271      28.160
            1.754       0.131      24.064
            1.652       0.065      28.480
  2477  17.567e-08  19.348e-09  66.509e-08  21.170e-09
        15.949e-07  52.908e-09       0.000  32.243e-08
            1.528       0.236       2.112
            1.306       0.114       2.304
            1.278       0.057       2.880
  2482  74.783e-08  21.475e-09  12.281e-07  25.241e-09
        20.628e-07  68.495e-09  14.784e-08  51.066e-08
            1.405       0.268       3.520
            1.320       0.132       4.096
            1.180       0.065       2.112
  2484  30.230e-08  18.561e-09  49.721e-08  20.639e-09
        17.565e-07  52.859e-09       0.000  39.635e-08
            1.748       0.265       2.240
            1.551       0.129       2.368
            1.406       0.063       2.368
  2485  53.081e-10  25.386e-10  12.826e-09  19.651e-10
        34.750e-09  53.375e-10       0.000  10.546e-08
            1.293       0.282       0.000
            0.864       0.133       0.064
            0.268       0.060       0.576
  2487  11.125e-09  38.661e-10  10.229e-09  32.249e-10
        11.230e-08  90.902e-10  45.648e-08  14.902e-08
            2.174       0.306       0.064
            1.449       0.140       0.128
            0.473       0.059       0.512
  2495  12.599e-08  23.644e-09  29.273e-08  22.952e-09
        15.099e-07  56.074e-09  24.805e-07  57.870e-08
            0.776       0.208       2.304
            0.695       0.102       4.096
            0.634       0.050       4.800
  2496  43.327e-09  24.101e-09  43.780e-09  24.493e-09
        26.184e-08  57.350e-09       0.000  38.578e-08
            0.675       0.297      -0.384
            0.480       0.143      -0.192
            0.338       0.069       0.128
  2500  95.517e-08  32.352e-09  13.453e-07  33.860e-09
        31.261e-07  82.247e-09  48.832e-07  10.032e-07
            1.467       0.245       1.216
            1.240       0.119       1.792
            1.166       0.059       1.728
  2502  46.575e-10  24.588e-10  14.367e-09  26.153e-10
        11.607e-08  78.269e-10  51.495e-08  10.998e-08
            1.967       0.250       0.000
            1.439       0.115       0.192
            0.497       0.047       0.896
  2504       0.000  23.323e-09  30.492e-09  16.624e-09
        13.550e-08  40.407e-09  25.616e-08  39.633e-08
            3.497       0.286       0.000
            1.391       0.112       0.128
            0.341       0.047       0.512
  2505  34.567e-08  46.480e-09  49.748e-08  37.509e-09
        14.256e-07  85.532e-09       0.000  46.703e-08
            0.790       0.203       0.128
            0.686       0.100       0.256
            0.528       0.049       9.600
  2508  70.995e-09  25.055e-09  61.001e-09  25.295e-09
        60.676e-08  69.862e-09  45.710e-07  14.780e-07
            0.695       0.238      -0.320
            0.519       0.114      -0.128
            0.348       0.055       0.576
  2509  31.659e-08  23.386e-09  30.520e-08  20.612e-09
        15.786e-07  56.683e-09  59.266e-07  10.122e-07
            2.248       0.255       1.664
            1.852       0.121       1.664
            1.606       0.059       1.728
  2510  45.596e-08  39.488e-09  74.936e-08  43.438e-09
        18.517e-07  10.374e-08  10.956e-07  10.147e-07
            0.924       0.224       2.560
            0.802       0.110       2.560
            0.699       0.054       3.392
  2511  33.434e-08  21.371e-09  35.370e-08  24.080e-09
        56.486e-08  54.047e-09       0.000  35.494e-08
            2.138       0.262       1.664
            1.792       0.124       2.880
            1.200       0.057       3.200
  2512  20.116e-09  25.040e-10  27.283e-09  26.902e-10
        12.308e-08  75.576e-10  14.808e-08  88.124e-09
            3.519       0.300       0.000
            2.141       0.128       0.064
            0.664       0.049       0.320
  2513  20.677e-09  14.748e-09  51.870e-09  16.449e-09
        58.383e-09  42.296e-09  12.361e-07  88.548e-08
            0.946       0.244      -0.128
            0.780       0.118       0.000
            0.398       0.055       0.384
  2514  10.405e-08  32.764e-10  20.922e-08  44.473e-10
        89.344e-08  12.431e-09  21.639e-07  15.250e-08
           28.405       0.742       0.128
           18.152       0.303       0.192
            4.732       0.091       0.512
  2515  60.911e-09  12.085e-09  98.845e-09  13.120e-09
        31.722e-08  34.586e-09       0.000  23.023e-08
            1.010       0.269      -0.128
            0.861       0.132      -0.128
            0.713       0.065       0.000
  2519  92.950e-08  32.526e-09  13.508e-07  36.325e-09
        26.402e-07  96.663e-09  12.138e-07  95.763e-08
            1.680       0.275       0.256
            1.529       0.136       0.448
            1.293       0.066       1.024
  2522  18.944e-07  36.598e-09  27.495e-07  41.745e-09
        10.785e-06  11.088e-08  62.172e-07  11.360e-07
            3.861       0.328      75.520
            3.228       0.156      75.648
            2.367       0.070      76.416
  2523  18.079e-09  35.367e-10  25.495e-09  30.127e-10
        17.712e-08  86.928e-10  74.964e-08  12.367e-08
            1.557       0.253       0.384
            1.373       0.123       0.448
            0.821       0.055       0.960
  2528  27.317e-08  41.017e-09  19.847e-08  43.556e-09
        31.555e-08  10.019e-08       0.000  15.837e-07
            0.710       0.231       1.536
            0.507       0.110       1.664
            0.387       0.054       2.432
  2529  46.333e-09  19.157e-09  12.818e-09  15.515e-09
        44.078e-09  41.300e-09  60.480e-09  54.789e-08
            1.068       0.244       0.000
            0.690       0.115       0.000
            0.198       0.052       0.576
  2530  39.893e-07  38.761e-09  50.056e-07  47.114e-09
        99.589e-07  10.847e-08  63.575e-08  76.171e-08
            2.033       0.265     114.624
            1.860       0.130     114.624
            1.732       0.064     115.200
  2533  45.802e-07  34.029e-09  10.178e-06  48.803e-09
        49.174e-06  14.312e-08  13.834e-05  15.538e-07
           10.270       0.502      27.520
            8.918       0.237      27.648
            7.898       0.112      35.392
  2536  49.436e-10  14.490e-10  57.893e-10  16.288e-10
        14.777e-09  45.501e-10  21.729e-08  13.533e-08
            1.143       0.259       0.000
            0.380       0.112       0.192
            0.146       0.053       0.256
  2537  39.229e-07  22.376e-09  44.378e-07  23.938e-09
        10.097e-06  61.106e-09  12.217e-07  39.399e-08
           27.283       0.704       1.152
           25.572       0.341       0.512
           19.506       0.150       1.280
  2541  58.775e-08  36.773e-09  65.548e-08  41.158e-09
        10.891e-07  10.090e-08  33.714e-07  17.081e-07
            1.270       0.234       0.512
            1.201       0.116       0.640
            0.881       0.055       1.024
  2551       0.000  29.037e-09  12.198e-08  30.758e-09
        55.028e-08  80.682e-09  26.517e-08  62.970e-08
            0.760       0.209       0.000
            0.575       0.101       0.128
            0.472       0.049       0.576
  2560  21.731e-08  31.704e-09  30.707e-08  31.762e-09
        17.730e-07  80.139e-09  41.375e-07  11.207e-07
            1.080       0.275       2.688
            0.935       0.135       2.880
            0.794       0.066       3.264
  2564  38.731e-09  14.337e-09  17.322e-09  11.974e-09
        10.745e-08  31.838e-09  70.079e-08  73.515e-08
            1.933       0.261       0.064
            1.147       0.116       0.192
            0.359       0.050       0.512
  2569  21.843e-08  22.945e-09  19.442e-08  22.964e-09
        39.574e-08  56.954e-09  80.555e-08  86.654e-08
            1.158       0.247       0.384
            1.026       0.123       0.192
            0.850       0.060       0.832
  2570  41.369e-08  25.280e-09  93.189e-08  27.828e-09
        37.559e-07  68.975e-09  49.029e-07  75.305e-08
            2.787       0.302       5.184
            2.556       0.147       5.376
            2.229       0.071       1.472
  2571  22.404e-07  33.526e-09  30.479e-07  39.715e-09
        12.425e-06  10.856e-08  69.599e-06  18.390e-07
            3.575       0.326       1.280
            3.339       0.160       1.408
            3.099       0.079       1.472
  2581  76.353e-08  40.462e-09  79.585e-08  34.840e-09
        22.340e-07  89.284e-09  44.024e-07  12.591e-07
            1.947       0.272       4.224
            1.659       0.131       4.416
            1.129       0.060       4.928
  2583  18.600e-09  10.061e-09  58.441e-09  96.520e-10
        28.458e-08  26.297e-09  14.440e-07  34.999e-08
            9.681       0.446       0.000
            4.525       0.169       0.064
            1.200       0.063       0.192
  2585  18.720e-09  28.849e-10  28.370e-09  31.214e-10
        39.917e-09  69.990e-10       0.000  70.083e-09
            0.683       0.222      -0.640
            0.593       0.109      -0.640
            0.393       0.053      -0.256
  2586  77.926e-08  24.249e-09  16.979e-07  25.852e-09
        71.913e-07  72.256e-09  48.455e-07  69.006e-08
           10.193       0.451       0.768
            8.642       0.210       6.592
            5.951       0.092      10.368
  2589  22.379e-08  23.652e-09  18.427e-08  24.835e-09
        31.342e-08  62.090e-09  95.934e-08  91.215e-08
            0.881       0.246       0.000
            0.725       0.120       0.192
            0.622       0.059       0.448
  2593  74.088e-08  21.278e-09  71.792e-08  25.261e-09
        12.064e-07  71.337e-09  16.440e-07  11.230e-07
            1.723       0.268       0.832
            1.562       0.132       1.024
            1.446       0.065       1.664
  2597  25.673e-10  17.087e-10  77.563e-10  17.259e-10
        50.127e-09  45.530e-10  46.502e-09  83.025e-09
            1.625       0.253       0.000
            0.883       0.114       0.128
            0.271       0.051       0.256
  2599  43.734e-10  20.323e-10  28.408e-10  16.894e-10
        54.765e-09  57.469e-10  76.941e-08  16.452e-08
            1.879       0.301       0.000
            0.780       0.128       0.064
            0.309       0.058       0.512
  2600  67.581e-08  21.114e-09  13.113e-07  24.987e-09
        22.467e-07  62.767e-09       0.000  49.668e-08
            1.453       0.246      11.392
            1.380       0.120      11.520
            1.212       0.058      12.224
  2603  19.472e-07  25.191e-09  25.951e-07  32.544e-09
        35.815e-07  80.722e-09  12.652e-07  74.604e-08
            3.396       0.356       7.104
            3.192       0.175       7.296
            3.064       0.087       7.488
  2606  31.856e-07  46.963e-09  53.925e-07  59.616e-09
        19.188e-06  15.412e-08  57.686e-06  19.427e-07
            2.562       0.298      69.952
            2.378       0.146      70.080
            2.117       0.071      65.344
  2608  25.093e-08  24.879e-09  25.857e-08  27.899e-09
        34.412e-08  65.982e-09       0.000  53.794e-08
            1.092       0.221      14.208
            0.902       0.107      14.272
            0.530       0.050      15.936
  2610  13.817e-08  19.828e-09  16.606e-08  16.888e-09
        69.813e-08  49.285e-09  53.002e-07  10.412e-07
            1.353       0.246       1.024
            1.314       0.120       1.088
            0.871       0.056       1.280
  2611  98.156e-08  18.619e-09  13.698e-07  21.139e-09
        64.384e-07  58.176e-09  18.756e-06  74.151e-08
           35.050       0.893       0.640
           32.290       0.429       0.704
           19.534       0.170       1.088
  2614  42.605e-09  26.927e-10  56.713e-09  33.413e-10
        33.378e-08  10.792e-09  24.279e-07  17.977e-08
           10.486       0.515       0.064
            5.894       0.200       0.192
            1.629       0.066       0.832
  2615  28.440e-10  76.204e-11  51.433e-10  94.617e-11
        27.900e-09  29.906e-10  13.932e-08  71.943e-09
            2.048       0.271       0.000
            0.504       0.105       0.128
            0.138       0.048       0.960
  2619  14.816e-07  44.313e-09  19.959e-07  44.452e-09
        38.791e-07  10.591e-08  13.003e-06  14.257e-07
            0.946       0.231     100.608
            0.736       0.112      91.840
            0.665       0.055      91.904
  2620  46.149e-08  42.962e-09  54.495e-08  38.082e-09
        10.653e-07  74.832e-09       0.000  51.385e-08
            1.487       0.371       0.256
            1.358       0.183       0.256
            1.187       0.090       0.512
  2623  65.984e-09  14.025e-09  17.376e-08  16.475e-09
        96.195e-08  46.962e-09  12.918e-08  38.855e-08
            3.057       0.303       1.792
            2.189       0.137       1.920
            1.452       0.062       0.832
  2628  40.094e-08  14.207e-09  83.671e-08  14.521e-09
        26.431e-07  34.841e-09  43.686e-08  21.524e-08
            7.570       0.397       4.736
            7.107       0.193       4.800
            6.045       0.091       5.056
  2632  68.192e-09  12.585e-09  13.259e-08  14.420e-09
        30.307e-08  39.971e-09  30.409e-08  44.547e-08
            2.425       0.312       0.192
            1.944       0.148       0.320
            1.122       0.066       0.832
  2633  25.133e-09  17.933e-09  13.358e-09  18.167e-09
        23.347e-08  52.578e-09       0.000  83.730e-08
            1.202       0.260       0.000
            0.708       0.120       0.128
            0.371       0.055       0.256
  2634  91.205e-08  35.970e-09  11.228e-07  40.593e-09
        21.778e-07  10.919e-08  45.635e-07  17.153e-07
            1.467       0.264      11.520
            1.374       0.129      11.584
            1.120       0.063      11.904
  2636  25.555e-08  23.562e-09  45.871e-08  26.141e-09
        66.897e-08  65.970e-09       0.000  44.521e-08
            0.863       0.233       0.768
            0.764       0.114       0.832
            0.579       0.055       0.960
  2640  28.934e-08  23.178e-09  27.702e-08  20.639e-09
        55.322e-08  56.775e-09  24.050e-07  10.596e-07
            1.294       0.219      14.528
            1.105       0.107      12.864
            0.890       0.051      14.592
  2641  25.918e-08  32.161e-09  29.153e-08  31.321e-09
        38.984e-08  79.571e-09  19.546e-07  13.779e-07
            0.678       0.224       0.320
            0.422       0.107       0.064
            0.379       0.053       0.064
  2649  90.389e-10  17.284e-10  19.193e-09  18.229e-10
        57.026e-09  48.098e-10  92.153e-09  97.902e-09
            2.458       0.276       0.000
            1.355       0.121       0.128
            0.353       0.052       0.256
  2660  48.701e-08  16.262e-09  62.648e-08  19.487e-09
        79.451e-08  48.546e-09       0.000  34.112e-08
            1.041       0.235       3.392
            0.930       0.115       3.520
            0.814       0.057       3.776
  2662  39.692e-08  23.329e-09  58.325e-08  27.259e-09
        19.524e-07  71.408e-09  11.378e-07  70.305e-08
            1.823       0.294       1.728
            1.512       0.143       1.216
            1.460       0.070       1.792
  2663  29.014e-08  32.085e-09  45.938e-08  27.590e-09
        91.444e-08  72.465e-09       0.000  47.921e-08
            0.863       0.230       0.896
            0.651       0.112       1.088
            0.471       0.054       1.792
  2664  40.229e-08  29.790e-09  53.455e-08  33.518e-09
        12.832e-07  89.371e-09  23.194e-07  13.961e-07
            0.702       0.216       2.176
            0.542       0.104       2.816
            0.447       0.052       3.136
  2665  74.760e-08  21.295e-09  86.557e-08  26.117e-09
        13.567e-07  73.693e-09  32.262e-07  12.014e-07
            2.102       0.310       1.600
            1.986       0.154       1.664
            1.852       0.076       1.792
  2671  23.713e-08  21.256e-09  34.986e-08  24.172e-09
        24.691e-08  59.473e-09       0.000  50.698e-08
            0.522       0.203       0.128
            0.379       0.100       1.408
            0.291       0.049       1.408
  2677  99.363e-09  18.272e-09  13.890e-08  19.015e-09
        26.272e-08  47.190e-09  11.304e-07  75.559e-08
            0.907       0.239      -0.192
            0.621       0.115      -0.192
            0.518       0.056       0.192
  2679  53.814e-09  25.320e-10  61.251e-09  29.562e-10
        83.296e-08  11.829e-09  15.104e-06  28.584e-08
           13.735       0.514       0.128
           12.419       0.245       0.192
            3.281       0.076       0.704
  2680  57.695e-09  17.540e-09  13.914e-08  19.309e-09
        59.502e-09  49.819e-09  23.190e-07  14.498e-07
            0.967       0.255       0.256
            0.906       0.127       0.448
            0.788       0.062       0.704
  2681  68.167e-08  42.014e-09  12.202e-07  41.317e-09
        53.943e-07  97.094e-09       0.000  56.355e-08
            1.856       0.258      22.272
            1.639       0.127      22.336
            1.438       0.062      24.064
  2688  33.195e-08  23.172e-09  54.955e-08  20.639e-09
        17.050e-07  57.065e-09  57.129e-08  52.923e-08
            1.226       0.245       1.792
            1.083       0.120       1.024
            0.995       0.059       1.792
  2690  40.243e-10  13.783e-10  63.689e-10  14.914e-10
        66.678e-09  48.676e-10  23.385e-08  11.361e-08
            2.150       0.264       0.000
            1.045       0.110       0.192
            0.277       0.046       0.384
  2691  55.160e-09  20.204e-09  10.979e-08  17.782e-09
        94.245e-08  56.290e-09  10.076e-06  11.871e-07
            0.845       0.235      -0.448
            0.592       0.112      -0.320
            0.403       0.054       0.448
  2693  81.775e-10  16.626e-10  56.075e-10  16.874e-10
        43.321e-09  52.762e-10  36.363e-09  14.114e-08
            1.205       0.266      -0.064
            0.736       0.123       0.000
            0.298       0.057       0.384
  2695  55.994e-08  44.098e-09  89.061e-08  48.676e-09
        20.110e-07  12.273e-08  26.828e-07  15.563e-07
            0.885       0.234       0.000
            0.582       0.111       0.128
            0.430       0.053       2.240
  2696  14.865e-07  30.238e-09  19.289e-07  33.006e-09
        37.026e-07  88.092e-09  45.950e-08  74.904e-08
            1.262       0.252      16.064
            1.151       0.123      12.544
            1.097       0.061      12.864
  2697  48.500e-08  18.394e-09  43.722e-08  18.320e-09
        10.489e-07  45.437e-09  21.136e-07  65.823e-08
            1.331       0.249       1.664
            1.251       0.122       1.792
            1.080       0.059       2.368
  2700  16.011e-07  36.537e-09  23.296e-07  36.556e-09
        73.493e-07  94.653e-09  11.607e-06  10.990e-07
            4.172       0.353      53.504
            4.057       0.175      53.632
            3.844       0.086      54.208
  2701       0.000  28.522e-10  14.666e-09  30.358e-10
        67.284e-09  86.526e-10  87.487e-09  75.095e-09
            0.994       0.239      -0.576
            0.681       0.112      -0.384
            0.333       0.052       0.384
  2703  13.908e-07  32.127e-09  19.401e-07  33.620e-09
        74.278e-07  84.509e-09  13.048e-06  85.919e-08
            3.900       0.314       0.064
            2.889       0.144       0.192
            1.517       0.063      28.096
  2706  48.077e-08  18.763e-09  85.958e-08  19.991e-09
        27.548e-07  54.610e-09  22.564e-07  57.392e-08
            2.183       0.280       2.048
            1.930       0.136       2.240
            1.837       0.067       1.856
  2709  57.344e-08  29.290e-09  11.408e-07  29.998e-09
        42.369e-07  71.069e-09  15.260e-07  55.825e-08
            2.128       0.273       2.112
            1.988       0.135       1.792
            1.964       0.067       2.496
  2711  18.952e-07  30.218e-09  12.951e-07  32.939e-09
        10.878e-07  84.301e-09  11.341e-07  12.080e-07
            1.082       0.225       1.472
            0.906       0.108       1.600
            0.801       0.053       2.368
  2715  38.853e-09  36.060e-10  56.120e-09  38.454e-10
        79.728e-08  14.450e-09  13.292e-06  29.181e-08
           10.474       0.499       0.256
            8.902       0.236       0.256
            3.094       0.080       0.768
  2719  88.815e-09  13.378e-09  12.043e-08  14.141e-09
        40.303e-08  38.520e-09  23.026e-09  31.274e-08
            1.876       0.264       0.128
            1.243       0.120       0.128
            0.552       0.052       0.512
  2725  21.180e-09  16.965e-09  95.644e-09  17.440e-09
        30.113e-08  45.624e-09  17.196e-07  67.666e-08
            0.651       0.213      -0.832
            0.514       0.103      -0.704
            0.358       0.050      -0.384
  2727  25.874e-08  30.301e-09  18.976e-08  25.841e-09
        60.326e-08  72.571e-09  54.278e-07  16.707e-07
            0.546       0.214      -0.768
            0.451       0.104      -0.704
            0.354       0.051      41.664
  2728  92.977e-09  17.107e-09  12.155e-08  17.399e-09
        10.019e-07  47.519e-09  77.544e-07  82.951e-08
            2.873       0.308       0.256
            2.569       0.150       0.256
            1.676       0.067       0.832
  2736  65.338e-08  27.083e-09  76.384e-08  22.197e-09
        19.450e-07  64.126e-09  38.364e-07  92.979e-08
            5.384       0.413       1.216
            4.863       0.201       1.408
            3.961       0.094       1.856
  2748  56.666e-10  27.673e-10  14.659e-09  29.181e-10
        53.220e-09  82.131e-10       0.000  10.787e-08
            1.485       0.260       0.000
            1.054       0.121       0.192
            0.304       0.052       0.768
  2749  29.103e-08  23.252e-09  24.138e-08  20.297e-09
        40.099e-08  50.714e-09  13.067e-07  86.292e-08
            1.361       0.241       0.128
            1.241       0.117       0.512
            1.108       0.057       0.960
  2750  11.411e-08  19.804e-09  22.896e-08  21.428e-09
        44.015e-08  60.975e-09       0.000  52.172e-08
            0.576       0.217       1.088
            0.548       0.107       1.088
            0.451       0.053       1.472
  2751  16.653e-08  19.397e-09  24.752e-08  22.636e-09
        70.146e-08  70.498e-09  51.769e-08  92.672e-08
            0.490       0.224       2.304
            0.416       0.109       6.592
            0.298       0.053       0.064
  2753  30.693e-08  28.789e-09  40.638e-08  23.988e-09
        14.606e-07  64.951e-09  84.537e-08  72.505e-08
            1.132       0.229       4.032
            0.999       0.111       4.032
            0.858       0.054       4.736
  2755  46.443e-10  16.678e-10  37.958e-10  15.252e-10
        51.602e-09  42.339e-10       0.000  86.870e-09
            1.592       0.234       0.000
            0.777       0.104       0.128
            0.256       0.047       0.576
  2757  26.716e-09  15.059e-09  16.532e-09  15.463e-09
        99.131e-11  39.279e-09  28.729e-07  30.934e-07
            1.503       0.253       0.000
            0.590       0.110       0.000
            0.158       0.051       0.448
  2760  19.804e-08  22.085e-09  20.287e-08  23.276e-09
        24.531e-08  61.818e-09  27.763e-07  14.624e-07
            1.036       0.241       0.512
            0.865       0.118       1.152
            0.815       0.058       1.280
  2767  45.370e-09  28.392e-09       0.000  26.704e-09
        10.929e-08  72.520e-09  27.436e-11  41.536e-08
            0.519       0.229      -0.896
            0.467       0.113      -0.768
            0.336       0.055      -0.192
  2770  87.004e-08  51.916e-09  23.632e-07  61.555e-09
        85.855e-07  17.931e-08  49.217e-06  29.944e-07
            0.786       0.229      19.136
            0.675       0.111      19.328
            0.592       0.055      20.096
  2774  31.983e-08  21.413e-09  45.733e-08  25.240e-09
        12.590e-07  71.077e-09  38.530e-07  11.512e-07
            0.801       0.231       2.816
            0.546       0.112       2.880
            0.436       0.055       6.080
  2775  13.846e-08  22.854e-09  16.487e-08  25.029e-09
        25.671e-08  66.715e-09  35.241e-07  16.892e-07
            0.823       0.227      -0.384
            0.450       0.107      -0.192
            0.348       0.052       0.064
  2776       0.000  23.436e-09  28.243e-09  22.328e-09
        18.295e-08  58.443e-09       0.000  54.421e-08
            0.704       0.222      -0.064
            0.538       0.108      -1.600
            0.264       0.050      -0.832
  2780  34.198e-08  30.642e-09  92.279e-08  29.667e-09
        64.608e-07  75.818e-09  69.875e-07  75.619e-08
            1.881       0.273       7.360
            1.593       0.134       5.312
            1.505       0.066       8.768
  2788  14.933e-09  25.284e-10  31.559e-09  29.952e-10
        20.339e-08  90.400e-10  48.941e-08  10.753e-08
            1.855       0.257       0.448
            1.273       0.119       0.512
            0.949       0.056       0.896
  2790  21.871e-07  26.675e-09  31.243e-07  31.324e-09
        10.037e-06  84.943e-09  66.597e-07  90.636e-08
            3.768       0.312       8.256
            3.471       0.153       8.640
            3.108       0.073       9.088
  2793  22.898e-08  23.713e-09  46.354e-08  22.942e-09
        29.322e-07  54.681e-09  11.669e-06  69.028e-08
            5.086       0.358       3.584
            4.020       0.169       0.832
            3.305       0.079       1.088
  2795  68.294e-10  16.903e-10  79.952e-10  15.658e-10
        13.207e-08  62.667e-10  66.078e-08  16.100e-08
            2.351       0.272       0.064
            1.916       0.130       0.192
            0.549       0.052       0.832
  2797  12.988e-07  21.301e-09  19.851e-07  24.181e-09
        72.493e-07  66.616e-09  99.913e-07  79.478e-08
            8.594       0.433       3.072
            8.275       0.214       3.072
            7.343       0.102       3.520
  2798  40.022e-07  21.504e-09  13.225e-06  57.756e-09
        65.986e-06  18.293e-08  14.808e-05  19.213e-07
           24.192       0.730      13.120
           23.748       0.363      13.184
           22.372       0.176      13.888
  2799  37.816e-08  20.974e-09  52.590e-08  18.564e-09
        13.405e-07  52.886e-09  18.153e-07  73.793e-08
            8.737       0.426       1.088
            7.048       0.195       1.216
            3.979       0.079       1.344
  2800  49.593e-10  30.929e-10  12.416e-09  29.677e-10
        68.962e-09  83.328e-10  35.153e-08  13.321e-08
            0.979       0.238       0.128
            0.700       0.114       0.128
            0.333       0.053       0.640
  2801       0.000  13.898e-10  72.416e-10  15.751e-10
        20.377e-09  45.083e-10  91.878e-10  10.790e-08
            1.146       0.240       0.000
            0.492       0.108       0.064
            0.143       0.050       0.832
  2810  42.617e-09  19.732e-09  11.171e-08  17.208e-09
        48.027e-08  50.766e-09  61.644e-08  67.244e-08
            0.999       0.224       0.320
            0.901       0.110       0.512
            0.813       0.054       0.704
  2812  16.690e-07  24.217e-09  30.438e-07  33.055e-09
        10.307e-06  97.363e-09  10.541e-06  98.396e-08
           12.100       0.577      26.688
           10.517       0.271      26.752
            6.479       0.113      11.328
  2814  42.588e-10  15.652e-10  77.400e-10  16.494e-10
        40.804e-09  48.273e-10  14.800e-08  13.047e-08
            2.547       0.294       0.000
            0.768       0.115       0.128
            0.208       0.051       0.192
  2815  14.696e-07  29.341e-09  15.301e-07  34.653e-09
        89.321e-08  89.757e-09  13.491e-06  24.269e-07
            1.098       0.239       5.184
            0.965       0.117       5.312
            0.885       0.058       5.696
  2821  82.062e-10  29.240e-10  19.217e-09  31.543e-10
        67.355e-09  78.405e-10       0.000  58.357e-09
            1.903       0.276       0.064
            1.298       0.127       0.192
            0.398       0.054       0.448
  2823  32.439e-10  17.093e-10  71.327e-10  15.223e-10
        19.220e-09  44.945e-10       0.000  13.504e-08
            1.032       0.239       0.000
            0.478       0.107       0.064
            0.131       0.050       0.064
  2825       0.000  62.131e-09  10.083e-08  49.755e-09
        66.344e-08  11.212e-08  27.610e-07  79.939e-08
            0.601       0.310       2.944
            0.387       0.149       6.656
            0.257       0.073      -0.320
  2828  82.149e-10  48.697e-10  12.898e-09  33.998e-10
        83.514e-09  89.796e-10  25.416e-08  11.473e-08
            1.110       0.268       0.000
            0.852       0.130       0.192
            0.394       0.060       0.256
  2830  12.794e-08  12.639e-09  10.556e-08  13.151e-09
        20.708e-08  30.472e-09       0.000  32.913e-08
            0.915       0.235      -0.128
            0.720       0.114      -0.064
            0.551       0.055       0.576
  2831  46.075e-06  18.455e-08  25.628e-06  61.594e-09
        98.158e-06  18.903e-08  49.183e-05  27.359e-07
           44.337       1.078     114.560
           43.427       0.533     114.624
           36.207       0.244     112.768
  2834  30.344e-09  26.093e-10  70.845e-09  34.246e-10
        50.818e-08  11.840e-09  23.797e-07  15.433e-08
            8.798       0.443       0.576
            6.351       0.195       0.640
            2.277       0.068       0.896
  2843  12.257e-08  17.016e-09  19.941e-08  18.851e-09
        10.635e-07  54.187e-09  23.303e-07  80.355e-08
            1.784       0.269       1.792
            1.521       0.130       1.984
            1.037       0.060       2.368
  2844  20.782e-09  15.116e-09  22.097e-09  16.650e-09
        89.808e-09  46.628e-09       0.000  45.541e-08
            0.815       0.232      -0.064
            0.728       0.115       0.000
            0.257       0.052       2.304
  2846  56.436e-10  22.177e-10  11.079e-09  20.694e-10
        48.296e-09  54.573e-10  63.780e-09  11.565e-08
            1.791       0.300       0.000
            0.975       0.137       0.128
            0.260       0.062       0.384
  2848  16.381e-08  22.932e-09  20.230e-08  19.693e-09
        45.862e-08  54.635e-09       0.000  41.269e-08
            0.606       0.227       0.192
            0.466       0.110       0.384
            0.414       0.054       0.640
  2849  92.198e-09  21.505e-09  17.088e-09  18.265e-09
        16.001e-08  47.647e-09       0.000  59.856e-08
            0.948       0.251      -0.128
            0.644       0.118       0.064
            0.350       0.056       0.512
  2850  77.567e-09  10.883e-09  95.167e-09  12.812e-09
        87.924e-09  33.472e-09       0.000  47.792e-08
            0.924       0.208      -0.384
            0.504       0.095      -0.192
            0.412       0.046       0.448
  2851  23.669e-09  13.728e-09  57.486e-09  15.746e-09
        22.199e-08  41.874e-09       0.000  42.060e-08
            0.691       0.248      -1.024
            0.612       0.121      -0.832
            0.451       0.059      -0.384
  2852  17.458e-07  32.000e-09  42.610e-07  37.298e-09
        18.272e-06  95.300e-09  26.864e-06  85.383e-08
            7.131       0.484      18.048
            6.662       0.236      18.176
            5.787       0.113      23.040
  2853  11.964e-08  30.189e-09  51.142e-08  29.497e-09
        14.225e-07  76.838e-09  11.693e-07  69.873e-08
            1.060       0.273       4.864
            0.856       0.135       2.752
            0.620       0.065       4.928
  2855  18.421e-07  27.894e-09  46.027e-07  34.688e-09
        29.949e-06  98.832e-09  75.706e-06  93.108e-08
            9.834       0.465      22.528
            9.527       0.229      22.656
            8.051       0.107      23.232
  2856       0.000  21.390e-08  16.637e-06  71.948e-09
        12.213e-05  23.596e-08  11.126e-05  11.116e-07
           20.045       0.677     122.752
           18.633       0.328     122.880
           14.817       0.148     123.200
  2857  11.807e-08  34.967e-09  19.147e-08  37.131e-09
        95.149e-08  95.268e-09       0.000  65.285e-08
            0.778       0.234      -0.512
            0.550       0.113      -0.832
            0.497       0.056      -0.512
  2858  26.225e-08  22.484e-09  23.803e-08  19.497e-09
        54.738e-08  50.442e-09  95.975e-08  76.565e-08
            0.638       0.207       2.560
            0.513       0.102       2.752
            0.405       0.050       3.328
  2860  26.458e-09  21.542e-09  97.083e-09  19.831e-09
        56.050e-08  47.297e-09  61.521e-08  43.483e-08
            2.982       0.306       1.344
            1.539       0.129       1.472
            1.052       0.060       0.832
  2861  74.354e-09  14.470e-09  10.867e-08  17.080e-09
        28.953e-08  52.240e-09  12.957e-07  94.189e-08
            2.376       0.321       0.256
            1.601       0.147       0.384
            0.807       0.066       0.512
  2862  22.157e-09  29.456e-10  31.883e-09  30.503e-10
        76.879e-09  79.270e-10  23.673e-08  11.051e-08
            0.947       0.235       0.064
            0.914       0.116       0.192
            0.548       0.054       0.896
  2863  12.963e-07  34.349e-09  17.801e-07  31.738e-09
        65.642e-07  98.690e-09  12.321e-06  16.281e-07
            2.006       0.272       7.232
            1.832       0.132       8.000
            1.718       0.065       8.064
  2864  24.820e-08  29.189e-09  49.725e-08  32.200e-09
        16.386e-07  84.875e-09  23.017e-07  99.318e-08
            0.817       0.242       2.240
            0.685       0.119       2.240
            0.621       0.059       6.336
  2873  35.508e-11  16.811e-10  71.644e-10  14.185e-10
        32.766e-09  44.197e-10  21.607e-10  82.588e-09
            1.338       0.229       0.064
            0.638       0.101       0.192
            0.148       0.045       0.960
  2877  26.864e-07  34.118e-09  36.455e-07  43.701e-09
        75.932e-07  11.040e-08       0.000  66.161e-08
            3.030       0.330      59.648
            2.916       0.163      59.712
            2.406       0.077      60.288
  2879       0.000  33.224e-10  11.578e-09  26.611e-10
        39.830e-09  69.948e-10  14.298e-11  38.336e-09
            1.473       0.232       0.000
            0.639       0.099       0.064
            0.227       0.045       0.768
  2880  30.755e-08  18.698e-09  40.090e-08  16.579e-09
        10.717e-07  43.219e-09       0.000  37.234e-08
            3.196       0.292       0.320
            2.897       0.142       0.448
            2.500       0.068       1.024
  2889  20.414e-07  46.802e-09  36.909e-07  47.120e-09
        18.450e-06  11.821e-08  40.823e-06  13.565e-07
            6.645       0.372      58.688
            5.922       0.178      58.752
            4.255       0.079      58.880
  2890  91.598e-08  30.460e-09  14.591e-07  30.940e-09
        76.794e-07  77.333e-09  38.145e-06  10.254e-07
            3.008       0.283      13.568
            2.322       0.133      13.760
            1.887       0.063      14.464
  2891  15.462e-07  26.339e-09  26.891e-07  31.766e-09
        14.437e-06  89.909e-09  83.182e-06  14.238e-07
            9.150       0.472       1.984
            8.714       0.231       2.176
            7.063       0.106       2.752
  2892  98.321e-10  16.885e-10  20.948e-09  19.896e-10
        71.698e-09  53.262e-10       0.000  89.658e-09
            2.352       0.296       0.000
            1.600       0.133       0.128
            0.474       0.055       0.768
  2893  11.011e-08  26.341e-09  10.816e-08  23.329e-09
             0.000  60.404e-09       0.000  66.438e-08
            0.574       0.208       0.576
            0.503       0.101       1.152
            0.430       0.050       1.408
  2894  60.460e-08  19.938e-09  13.214e-07  23.233e-09
        42.260e-07  64.130e-09  62.473e-07  76.787e-08
            9.213       0.492       0.896
            8.683       0.240       1.088
            7.897       0.115       1.792
  2896  11.284e-08  36.746e-10  16.214e-08  42.443e-10
        28.946e-08  99.750e-10  21.258e-08  93.249e-09
           10.441       0.477       0.192
            7.737       0.213       0.256
            2.460       0.073       0.896
  2897  29.619e-07  27.059e-09  28.419e-07  30.736e-09
        21.256e-07  64.702e-09       0.000  36.348e-08
            3.216       0.328       5.312
            2.940       0.160       5.312
            2.701       0.078       5.312
  2898  65.143e-08  48.034e-09  44.006e-08  40.205e-09
        89.500e-08  11.707e-08  40.079e-07  23.655e-07
            0.923       0.237      -0.448
            0.784       0.116      -0.448
            0.585       0.056       0.064
  2900  10.769e-08  30.723e-09  16.133e-08  30.900e-09
        62.091e-08  82.018e-09  23.661e-07  13.497e-07
            0.545       0.223      -0.960
            0.466       0.109      -0.832
            0.355       0.053      -0.192
  2901  46.090e-08  19.101e-09  25.509e-08  19.492e-09
        67.497e-09  43.273e-09       0.000  43.080e-08
            0.848       0.235      -0.064
            0.589       0.113      -0.064
            0.474       0.056       0.640
  2910  35.154e-10  20.308e-10  36.687e-10  17.060e-10
        79.768e-09  59.531e-10  89.296e-08  15.195e-08
            1.328       0.273       0.000
            1.117       0.131       0.128
            0.380       0.057       0.192
  2913  70.212e-08  21.043e-09  12.545e-07  25.433e-09
        27.302e-07  67.498e-09  14.194e-07  74.026e-08
            5.738       0.368      19.968
            5.200       0.177      20.032
            3.182       0.075       0.512
  2916  18.292e-08  28.565e-09  27.925e-08  25.382e-09
        65.158e-08  67.737e-09  19.623e-07  10.429e-07
            1.310       0.231       3.648
            1.029       0.110       3.776
            0.566       0.050       3.904
  2917  13.055e-08  26.676e-09  23.176e-08  27.165e-09
        16.426e-08  59.308e-09       0.000  41.393e-08
            0.608       0.220      -0.064
            0.517       0.109      -0.064
            0.437       0.054       0.448
  2918  71.134e-10  33.091e-10  22.578e-09  35.195e-10
        14.978e-08  98.997e-10  43.219e-08  10.459e-08
            3.437       0.338       0.128
            2.164       0.150       0.192
            0.680       0.062       0.512
  2919  11.028e-07  24.791e-09  19.245e-07  29.589e-09
        64.355e-07  77.948e-09  16.083e-06  99.649e-08
            6.114       0.394       0.576
            5.773       0.193       0.640
            5.310       0.094       0.960
  2922  17.149e-07  36.892e-09  28.530e-07  44.732e-09
        61.093e-07  11.985e-08  57.080e-07  15.974e-07
            3.020       0.300      94.144
            2.851       0.148      94.272
            2.497       0.071      94.464
  2924  17.239e-08  46.741e-09  12.108e-07  48.177e-09
        28.030e-07  11.859e-08  13.446e-07  97.284e-08
            0.982       0.260       4.480
            0.711       0.125       3.840
            0.658       0.062       4.608
  2925  25.797e-08  19.326e-09  35.389e-08  21.625e-09
        91.237e-08  55.278e-09  25.820e-08  52.594e-08
            1.530       0.256       0.000
            1.299       0.126       3.584
            0.814       0.058      11.776
  2927  38.600e-08  22.745e-09  36.615e-08  23.587e-09
        59.488e-08  59.094e-09       0.000  43.128e-08
            0.763       0.227       1.216
            0.580       0.109       1.408
            0.519       0.054       1.664
  2929  21.274e-07  29.200e-09  36.985e-07  33.641e-09
        16.923e-06  90.174e-09  61.785e-06  11.211e-07
            8.202       0.433       4.928
            5.915       0.190      15.872
            5.407       0.091      16.704
  2931  22.998e-08  30.890e-09  36.345e-08  33.613e-09
        11.190e-07  79.924e-09  20.231e-07  95.157e-08
            0.928       0.258      -0.192
            0.777       0.126      -0.064
            0.689       0.062       0.768
  2932  12.103e-08  28.058e-09  48.541e-08  30.575e-09
        12.249e-07  71.015e-09       0.000  39.421e-08
            0.779       0.274       0.192
            0.576       0.133      -0.320
            0.512       0.066       0.256
  2933  39.792e-09  17.758e-09  92.991e-09  16.199e-09
        64.971e-08  37.612e-09  29.510e-07  46.701e-08
           10.769       0.441       0.000
            6.789       0.183       0.192
            1.779       0.062       0.384
  2944  17.291e-08  26.085e-09  29.224e-08  21.374e-09
        12.760e-07  58.665e-09  12.198e-07  65.883e-08
            1.800       0.281       0.960
            1.403       0.134       0.576
            1.324       0.066       1.280
  2945  29.368e-08  16.849e-09  23.468e-08  14.764e-09
        16.338e-08  36.634e-09  24.693e-08  53.891e-08
            1.540       0.245       0.128
            1.348       0.119       0.192
            1.032       0.056       0.832
  2947  37.650e-08  25.652e-09  58.377e-08  28.531e-09
        86.428e-08  68.083e-09       0.000  60.745e-08
            0.758       0.236      -0.960
            0.535       0.114       1.024
            0.412       0.056       4.608
  2948  13.846e-07  32.050e-09  12.341e-07  38.276e-09
        24.081e-07  99.763e-09  52.901e-07  15.589e-07
            0.815       0.223       9.472
            0.700       0.109      24.896
            0.541       0.053      24.832
  2950  64.535e-08  29.309e-09  76.846e-08  25.431e-09
        17.012e-07  62.664e-09       0.000  34.299e-08
            1.407       0.261      14.144
            1.256       0.127      14.336
            1.068       0.061      14.528
  2951  18.566e-08  15.859e-09  31.861e-08  18.213e-09
        90.127e-08  50.062e-09       0.000  37.179e-08
            1.702       0.257       2.944
            1.417       0.125       1.984
            1.264       0.061       2.816
  2952  24.231e-09  31.624e-10  41.328e-09  33.597e-10
        33.258e-08  10.044e-09  20.549e-07  13.883e-08
            4.373       0.340       0.192
            3.705       0.159       0.256
            1.463       0.062       0.832
  2953  28.276e-07  26.765e-09  44.508e-07  30.217e-09
        15.153e-06  77.901e-09  27.030e-06  76.338e-08
           18.147       0.581       5.760
           17.502       0.286       5.888
           13.710       0.128       1.664
  2958  14.780e-07  49.399e-09  23.816e-07  53.575e-09
        54.263e-07  12.582e-08  63.720e-07  13.137e-07
            3.939       0.386       0.320
            3.751       0.189       0.320
            3.366       0.092       0.832
  2961  36.719e-08  34.282e-09  52.989e-08  37.270e-09
        24.983e-07  91.264e-09  83.422e-07  13.741e-07
            0.744       0.232       5.184
            0.563       0.112      12.928
            0.439       0.055       2.240
  2964  17.988e-10  13.741e-10  11.431e-09  16.590e-10
        46.136e-09  49.629e-10       0.000  11.022e-08
            1.405       0.250       0.064
            0.948       0.116       0.192
            0.277       0.051       0.384
  2966  87.086e-10  15.604e-10  13.083e-09  17.077e-10
        26.747e-09  46.389e-10  13.710e-08  13.228e-08
            1.192       0.247       0.000
            0.774       0.116       0.128
            0.247       0.052       0.448
  2973  95.654e-10  35.942e-10  26.619e-09  37.976e-10
        87.472e-09  97.071e-10  10.290e-08  98.333e-09
            1.998       0.310       0.000
            1.344       0.146       0.064
            0.522       0.065       0.192
  2975  46.372e-10  15.750e-10  92.942e-10  16.590e-10
        55.704e-09  49.627e-10  50.062e-08  11.878e-08
            2.439       0.279       0.192
            1.003       0.117       0.192
            0.273       0.051       0.256
  2977  17.737e-09  35.766e-10  23.925e-09  31.144e-10
        12.486e-08  75.039e-10  35.690e-08  85.820e-09
            2.642       0.278       0.064
            1.839       0.125       0.192
            0.637       0.053       0.320
  2978  30.222e-09  27.253e-10  50.832e-09  34.729e-10
        20.232e-08  10.141e-09  21.071e-08  95.705e-09
            8.761       0.491       0.064
            3.830       0.180       0.192
            1.140       0.065       0.768
  2980  14.912e-08  11.784e-09  14.372e-08  14.458e-09
        52.654e-09  40.078e-09       0.000  13.451e-07
            0.824       0.225       0.384
            0.679       0.111       0.448
            0.533       0.054       0.704
  2984  82.744e-08  26.365e-09  14.147e-07  28.516e-09
        72.229e-07  77.476e-09  24.553e-06  10.161e-07
            5.882       0.371       7.488
            4.614       0.172      10.496
            3.633       0.080       7.808
  2985  24.566e-08  23.228e-09  43.236e-08  23.672e-09
        10.180e-07  62.567e-09       0.000  64.208e-08
            1.141       0.243      15.936
            0.875       0.116      15.936
            0.641       0.056      16.512
  2986  64.752e-09  18.525e-09  13.522e-08  19.228e-09
        29.057e-08  53.514e-09  18.670e-08  58.770e-08
            0.690       0.218       0.128
            0.631       0.106       0.256
            0.508       0.052       1.024
  2987       0.000  15.614e-09  26.169e-09  16.281e-09
        63.579e-09  45.236e-09  32.336e-08  61.126e-08
            1.452       0.240       0.000
            0.737       0.106       0.128
            0.221       0.047       0.128
  2988  71.171e-09  23.107e-09  11.308e-08  21.181e-09
        57.215e-08  55.018e-09  28.022e-07  86.787e-08
            7.527       0.405       4.416
            6.155       0.190       4.544
            2.131       0.069       5.056
  2990  21.173e-08  28.334e-09  84.726e-09  22.212e-09
        18.132e-08  57.795e-09       0.000  11.741e-07
            0.494       0.252       0.064
            0.452       0.124       0.128
            0.384       0.061       0.320
  2992  50.998e-09  19.679e-09  10.166e-08  22.256e-09
        41.506e-08  60.786e-09  23.031e-08  63.809e-08
            0.621       0.225       2.112
            0.519       0.111      -0.640
            0.333       0.053      -0.064
  2993  79.512e-08  24.245e-09  12.239e-07  25.851e-09
        65.159e-07  73.592e-09  56.211e-06  14.495e-07
            4.255       0.354       0.320
            3.221       0.159       0.704
            2.576       0.074       1.280
  2994  21.226e-07  36.428e-09  31.506e-07  40.354e-09
        19.707e-06  11.265e-08  82.082e-06  15.674e-07
           15.349       0.603       3.840
           14.421       0.295       3.968
           10.705       0.130       4.672
  2995  75.088e-10  32.121e-10  24.296e-09  32.759e-10
        12.808e-08  90.787e-10  36.694e-08  10.713e-08
            4.086       0.354       0.128
            2.076       0.143       0.192
            0.625       0.057       0.832
  2996  90.338e-08  36.355e-09  67.275e-08  37.165e-09
        75.761e-08  83.382e-09  26.523e-07  13.357e-07
            0.654       0.253       2.112
            0.417       0.123      -0.704
            0.339       0.060       0.128
  2998  63.268e-08  31.350e-09  85.556e-08  34.457e-09
        11.528e-07  83.607e-09  30.523e-08  77.091e-08
            1.384       0.263      10.560
            1.218       0.128      10.624
            0.904       0.061      10.944
  3001  65.968e-08  26.536e-09  10.010e-07  27.886e-09
        32.123e-07  69.654e-09  12.749e-07  65.141e-08
            4.355       0.360      27.136
            4.192       0.179      27.264
            3.100       0.081      27.520
  3003  16.483e-07  30.718e-09  23.680e-07  35.758e-09
        10.746e-06  10.459e-08  40.923e-06  15.004e-07
            3.039       0.322       8.512
            2.826       0.159       8.704
            2.751       0.079       9.280
  3005  33.958e-08  21.786e-09  40.002e-08  20.035e-09
        11.026e-07  58.972e-09  24.716e-07  90.602e-08
            0.907       0.217       2.048
            0.897       0.108       2.048
            0.776       0.053       2.176
  3011  27.317e-08  38.550e-09  59.737e-08  37.934e-09
        38.262e-07  10.844e-07  53.247e-07  10.844e-07
            1.906       0.290       7.040
            1.685       0.142       9.664
            1.152       0.066       2.880
  3012  19.357e-08  19.036e-09  27.554e-08  22.039e-09
        69.920e-08  63.264e-09       0.000  67.446e-08
            1.204       0.240       8.256
            0.998       0.116       0.512
            0.716       0.055       0.704
  3015  38.124e-08  29.547e-09  59.830e-08  32.806e-09
        20.293e-07  85.159e-09  28.584e-07  10.257e-07
            2.139       0.294       5.696
            1.755       0.141       5.824
            1.331       0.066       3.968
  3016  40.402e-10  33.701e-09       0.000  26.775e-09
        36.498e-08  78.641e-09  11.018e-07  10.103e-07
            0.469       0.233       1.088
            0.356       0.113       0.128
            0.264       0.056       0.128
  3017  96.987e-08  33.460e-09  14.999e-07  37.619e-09
        42.973e-07  94.953e-09  10.341e-07  89.725e-08
            1.050       0.225      31.808
            0.914       0.108      31.104
            0.784       0.053      31.872
  3026  27.207e-08  19.848e-09  31.840e-08  20.110e-09
        71.509e-08  53.862e-09  86.657e-08  72.488e-08
            1.161       0.247       1.280
            1.044       0.121       1.472
            0.895       0.059       1.920
  3027  25.322e-10  14.995e-10  56.096e-10  16.747e-10
        70.407e-09  57.569e-10  82.638e-08  16.468e-08
            2.270       0.298       0.064
            1.059       0.127       0.128
            0.269       0.054       0.960
  3028  11.627e-08  14.004e-09  90.781e-09  15.191e-09
        84.583e-09  36.404e-09       0.000  32.464e-08
            1.602       0.269       0.256
            1.028       0.124       0.320
            0.464       0.056       0.320
  3029  54.961e-09  19.570e-09  19.993e-08  21.031e-09
        13.251e-07  58.174e-09  73.013e-07  93.654e-08
            0.886       0.215       0.000
            0.724       0.104       0.192
            0.594       0.050       0.960
  3030  26.500e-08  24.530e-09  41.922e-08  27.642e-09
        12.845e-07  68.087e-09       0.000  45.094e-08
            1.841       0.263      53.248
            1.530       0.125      46.720
            0.856       0.056      47.232
  3032  18.773e-08  20.177e-09  59.995e-08  23.000e-09
        13.399e-07  64.096e-09  25.825e-07  88.985e-08
            3.184       0.299      10.688
            2.319       0.136      10.752
            1.282       0.060      10.816
  3035  35.740e-07  29.560e-09  69.521e-07  41.628e-09
        22.939e-06  11.497e-08  26.606e-06  11.821e-07
            6.224       0.400      67.200
            6.026       0.198      67.328
            5.088       0.093      67.584
  3036       0.000  22.240e-09       0.000  21.173e-09
        73.440e-09  58.580e-09  13.567e-07  15.674e-07
            0.848       0.232       0.064
            0.681       0.113       0.064
            0.448       0.054       0.576
  3037  19.447e-10  10.246e-10  61.071e-10  10.251e-10
        29.368e-09  33.589e-10  89.530e-09  84.472e-09
            2.245       0.300       0.000
            0.737       0.123       0.064
            0.207       0.056       0.320
  3038  42.265e-10  30.265e-10  17.514e-09  33.115e-10
        14.342e-08  10.192e-09  63.006e-08  13.282e-08
            1.498       0.281       0.320
            1.350       0.136       0.384
            0.604       0.060       1.024
  3039  59.765e-08  29.603e-09  10.473e-07  32.654e-09
        29.809e-07  83.879e-09  43.032e-07  96.354e-08
            9.048       0.418       2.304
            7.528       0.194       2.368
            5.974       0.089       2.944
  3040  45.782e-08  19.940e-09  57.448e-08  21.424e-09
        14.776e-07  59.178e-09  63.721e-08  66.841e-08
            1.868       0.261       0.832
            1.699       0.128       0.896
            1.527       0.062       1.408
  3042  36.546e-07  53.911e-09  57.261e-07  52.962e-09
        24.704e-06  15.711e-08  35.991e-06  18.275e-07
            7.162       0.443       8.000
            6.743       0.217       8.000
            6.268       0.106       8.320
  3043  92.672e-10  16.088e-10  73.026e-10  16.821e-10
        20.493e-09  47.137e-10       0.000  13.713e-08
            1.097       0.256       0.000
            0.505       0.116       0.192
            0.148       0.055       0.896
  3044  50.096e-08  20.254e-09  46.104e-08  22.727e-09
        11.270e-07  64.267e-09  32.355e-06  20.006e-07
            2.562       0.316       2.688
            2.406       0.156       2.752
            2.204       0.077       3.200
  3051       0.000  13.668e-10  18.527e-10  15.594e-10
        24.958e-09  51.431e-10  36.484e-08  15.729e-08
            1.141       0.260       0.000
            0.366       0.114       0.000
            0.156       0.054       0.768
  3055  13.816e-07  30.277e-09  25.461e-07  37.414e-09
        44.669e-07  87.024e-09       0.000  48.854e-08
            2.019       0.313       6.976
            1.776       0.151       7.168
            1.619       0.074       6.208
  3056  27.573e-07  47.278e-09  32.305e-07  55.224e-09
        75.416e-07  14.087e-08  46.627e-08  10.953e-07
            2.623       0.306       5.952
            2.413       0.150       7.296
            2.246       0.074       7.680
  3057  24.950e-06  70.863e-09  23.689e-06  47.782e-09
        12.452e-05  17.843e-08  60.757e-05  27.615e-07
           35.100       0.824      45.568
           32.364       0.397      45.696
           29.515       0.190      44.096
  3066  92.319e-11  20.250e-10  12.579e-09  17.266e-10
        68.299e-09  50.705e-10  24.145e-08  93.683e-09
            2.034       0.265       0.064
            1.246       0.118       0.192
            0.334       0.050       0.384
  3067  39.948e-07  33.465e-09  68.103e-07  42.011e-09
        23.814e-06  10.697e-08  47.132e-06  10.636e-07
           19.310       0.558       0.832
           18.672       0.275       0.960
           15.842       0.128       1.536
  3068  12.474e-08  18.028e-09  20.169e-08  18.289e-09
        41.315e-08  45.381e-09       0.000  34.854e-08
            0.881       0.233       1.088
            0.743       0.115       0.000
            0.624       0.056       1.728
  3070  39.170e-08  30.097e-09  67.649e-08  33.897e-09
        21.112e-07  93.041e-09  38.962e-07  12.261e-07
            1.434       0.274       9.344
            1.278       0.136      11.136
            1.141       0.066      11.520
  3071  38.466e-07  73.202e-09  52.676e-07  88.391e-09
        12.678e-06  24.744e-08  19.476e-06  33.280e-07
            1.175       0.248      14.400
            0.934       0.119      13.120
            0.854       0.059      16.576
  3072  28.295e-08  47.951e-09  32.879e-08  40.889e-09
        90.428e-08  88.543e-09  59.046e-08  76.365e-08
            1.255       0.373       3.648
            1.066       0.183       3.712
            0.793       0.088       3.968
  3073  20.761e-10  11.011e-10  58.258e-10  10.790e-10
        21.310e-09  28.771e-10  68.460e-09  69.298e-09
            1.813       0.283       0.000
            0.668       0.123       0.064
            0.220       0.058       0.960
  3074  21.256e-08  21.326e-09  32.230e-08  18.554e-09
        74.921e-08  49.112e-09       0.000  40.866e-08
            0.550       0.202       9.344
            0.407       0.099       1.792
            0.344       0.049       3.584
  3075  87.353e-08  26.795e-09  10.753e-07  31.154e-09
        22.012e-07  79.836e-09  68.391e-08  75.713e-08
            2.469       0.308      37.184
            2.315       0.151      37.248
            1.769       0.070      37.824
  3076  10.990e-07  31.313e-09  13.188e-07  34.273e-09
        27.829e-07  82.886e-09  51.064e-07  11.160e-07
            1.538       0.269      60.608
            1.391       0.132      61.120
            1.291       0.065      61.184
  3078  10.010e-09  18.819e-10  84.309e-10  21.446e-10
        10.784e-08  70.581e-10  15.417e-07  19.117e-08
            2.320       0.344       0.000
            1.631       0.159       0.128
            0.441       0.069       0.192
  3080  26.083e-08  28.665e-09  15.722e-08  25.427e-09
        72.441e-08  69.502e-09  78.406e-07  18.265e-07
            1.202       0.227       0.320
            0.977       0.109       0.320
            0.532       0.049       0.512
  3084  51.769e-08  20.521e-09  62.453e-08  22.322e-09
        19.075e-07  57.651e-09  20.715e-07  67.688e-08
            2.531       0.320       2.240
            2.226       0.155       2.240
            1.961       0.075       2.368
  3085  21.755e-08  22.236e-09  20.713e-08  20.878e-09
        43.213e-08  61.133e-09  28.378e-07  12.332e-07
            1.567       0.250       5.696
            1.334       0.122       5.696
            0.836       0.056       6.272
  3087  38.944e-08  21.197e-09  50.892e-08  20.083e-09
        16.037e-07  53.510e-09  48.984e-07  73.211e-08
           18.688       0.580       0.192
           14.267       0.259       0.320
            5.824       0.093       0.960
  3088  75.643e-09  22.395e-09  11.550e-08  24.269e-09
        11.181e-08  65.203e-09  92.167e-08  12.842e-07
            0.697       0.249      -0.512
            0.535       0.122      -0.512
            0.461       0.060       0.000
  3089  66.243e-08  31.151e-09  79.404e-08  26.336e-09
        21.252e-07  63.976e-09       0.000  37.143e-08
            3.524       0.336       1.984
            2.706       0.153       0.320
            2.227       0.073       1.088
  3091  47.818e-08  32.305e-09  53.142e-08  37.130e-09
        92.143e-08  97.897e-09  15.721e-08  98.497e-08
            0.995       0.227       1.344
            0.857       0.111       1.472
            0.725       0.054       1.536
  3093  99.319e-08  42.423e-09  15.164e-07  49.219e-09
        34.070e-07  12.094e-08       0.000  71.574e-08
            2.306       0.304      41.728
            2.026       0.148      41.792
            1.420       0.068       6.656
  3094  69.805e-10  33.496e-10  12.077e-09  34.156e-10
        14.517e-08  10.327e-09  89.737e-08  18.516e-08
            1.468       0.285       0.192
            1.180       0.137       0.320
            0.582       0.063       0.384
  3096  47.151e-08  19.965e-09  68.020e-08  24.405e-09
        16.213e-07  67.075e-09       0.000  63.444e-08
            2.461       0.299       1.344
            2.280       0.147       1.472
            1.936       0.071       2.176
  3100  19.574e-07  29.981e-09  20.258e-07  34.518e-09
        15.319e-07  71.740e-09       0.000  42.437e-08
            1.554       0.266      40.192
            1.240       0.127      38.784
            1.137       0.063      39.360
  3101  60.614e-08  27.949e-09  95.028e-08  31.363e-09
        29.218e-07  88.195e-09  63.563e-07  11.847e-07
            2.634       0.334      10.688
            2.218       0.160      10.752
            1.856       0.077      10.816
  3102  69.540e-08  29.710e-09  12.224e-07  36.335e-09
        46.470e-07  10.434e-08  27.468e-07  12.098e-07
            1.120       0.230      15.040
            0.955       0.113      15.040
            0.880       0.056      15.616
  3103  53.370e-08  29.228e-09  61.214e-08  33.425e-09
        77.891e-08  86.681e-09       0.000  62.662e-08
            0.901       0.231      43.648
            0.615       0.111      43.648
            0.598       0.055      44.032
  3105  66.976e-08  23.255e-09  15.209e-07  26.835e-09
        85.346e-07  73.879e-09  57.684e-07  70.185e-08
            6.108       0.403      28.416
            5.270       0.192      28.544
            2.699       0.077      29.312
  3109  95.707e-08  33.353e-09  14.851e-07  38.638e-09
        26.701e-07  87.572e-09       0.000  48.246e-08
            1.554       0.271       7.360
            1.206       0.129       7.744
            1.127       0.064       8.000
  3110  17.030e-08  10.058e-08  61.706e-08  84.086e-09
        48.934e-07  21.654e-08  32.912e-06  28.545e-07
            4.449       0.323       0.000
            3.619       0.153       0.192
            2.378       0.069       0.960
  3113  30.128e-09  32.058e-10  80.404e-09  38.306e-10
        50.932e-08  12.427e-09  34.809e-07  18.195e-08
            3.900       0.348       0.128
            3.115       0.161       0.256
            2.349       0.073       0.896
  3114  55.208e-10  31.995e-10  17.434e-09  27.969e-10
        89.414e-09  77.171e-10       0.000  69.196e-09
            0.772       0.209      -0.064
            0.683       0.103      -0.064
            0.445       0.049       0.640
  3115  12.773e-07  34.948e-09  23.935e-07  38.265e-09
        12.340e-06  10.881e-08  99.377e-07  11.747e-07
           12.126       0.550      19.712
           11.095       0.265      19.840
            8.670       0.120      20.288
  3118  41.656e-10  17.680e-10  91.420e-10  15.763e-10
        70.518e-09  51.881e-10  18.628e-08  11.503e-08
            1.473       0.245       0.064
            1.184       0.117       0.192
            0.332       0.049       0.320
  3119  91.072e-08  33.591e-09  73.252e-08  35.228e-09
        12.238e-07  89.227e-09  46.039e-07  15.552e-07
            0.932       0.299       2.112
            0.757       0.146      11.648
            0.647       0.072      11.648
  3120  40.466e-08  26.631e-09  42.062e-08  27.229e-09
        10.744e-07  77.174e-09  37.312e-09  61.233e-08
            1.388       0.275       2.304
            1.148       0.134      10.368
            0.984       0.065       2.880
  3121  11.543e-09  34.963e-10  16.252e-09  33.019e-10
        13.700e-08  96.976e-10  72.729e-08  16.410e-08
            1.188       0.268       0.128
            0.903       0.129       0.192
            0.601       0.061       0.640
  3127  57.909e-08  30.379e-09  39.091e-08  29.275e-09
        20.493e-08  70.600e-09  70.576e-08  12.929e-07
            0.655       0.219      -0.832
            0.478       0.108      -0.704
            0.334       0.053      -0.064
  3128  27.298e-07  30.519e-09  71.171e-07  42.200e-09
        36.185e-06  11.482e-08  61.389e-06  10.433e-07
           12.747       0.510      42.752
           12.410       0.253      43.200
           12.180       0.126      43.392
  3129  31.487e-08  27.837e-09  34.907e-08  25.695e-09
        75.485e-08  68.514e-09       0.000  52.356e-08
            0.664       0.228       5.056
            0.637       0.112       5.568
            0.561       0.055       5.952
  3130  24.951e-08  26.748e-09  41.157e-08  28.681e-09
        43.369e-08  68.557e-09       0.000  67.021e-08
            0.847       0.261       0.960
            0.540       0.125       1.792
            0.410       0.062       1.856
  3131  16.131e-07  35.299e-09  15.986e-07  39.578e-09
        10.333e-07  94.608e-09  21.103e-07  14.944e-07
            1.535       0.245       6.720
            1.469       0.122       6.720
            1.388       0.060       6.720
  3132  45.643e-08  26.615e-09  65.612e-08  30.823e-09
        65.823e-08  83.472e-09       0.000  61.771e-08
            1.215       0.280      13.568
            0.919       0.138       0.064
            0.788       0.068       0.576
  3134  46.865e-08  29.844e-09  36.489e-08  33.504e-09
        50.901e-08  90.633e-09  49.549e-08  12.192e-07
            0.678       0.238       0.000
            0.613       0.118       0.000
            0.506       0.058       0.640
  3135  36.831e-08  39.236e-09  40.240e-08  43.937e-09
        61.254e-08  10.960e-08       0.000  73.131e-08
            0.847       0.259      -0.064
            0.740       0.125       0.128
            0.618       0.061       0.640
  3136  65.672e-09  24.672e-09  48.181e-09  25.065e-09
        32.245e-08  64.695e-09       0.000  52.940e-08
            0.535       0.198      -0.064
            0.351       0.097       0.128
            0.317       0.048       0.576
  3137       0.000  15.388e-10  48.619e-10  16.701e-10
        27.750e-09  47.207e-10  26.940e-08  10.482e-08
            1.063       0.252       0.000
            0.491       0.111       0.000
            0.203       0.051       0.704
  3138  11.976e-07  17.514e-09  20.111e-07  22.186e-09
        55.872e-07  57.740e-09  23.401e-07  49.449e-08
           16.833       0.614       9.600
           16.628       0.305       9.792
           14.274       0.142      10.240
  3139  11.602e-08  34.726e-09  20.428e-08  34.455e-09
        27.799e-08  82.372e-09       0.000  92.161e-08
            0.736       0.263       0.640
            0.573       0.130       0.768
            0.438       0.064       0.960
  3141  11.567e-08  48.380e-09       0.000  38.668e-09
        39.715e-09  13.536e-08       0.000  11.007e-07
            0.797       0.293      -1.024
            0.610       0.143      -0.192
            0.386       0.069       0.576
  3142  15.889e-08  21.632e-09  34.047e-08  24.244e-09
        14.746e-07  66.015e-09  26.399e-07  84.559e-08
            2.966       0.319       1.088
            2.031       0.143       1.216
            1.163       0.063       7.744
  3143  36.637e-08  25.064e-09  44.191e-08  22.507e-09
        13.991e-07  62.010e-09  40.216e-07  97.406e-08
            2.691       0.290       0.640
            2.589       0.144       0.768
            2.235       0.070       1.216
  3144  39.626e-09  25.570e-09  84.497e-09  27.326e-09
        32.017e-08  71.167e-09  18.638e-07  12.306e-07
            0.431       0.204      -0.576
            0.363       0.100      -0.512
            0.270       0.049      -0.128
  3146  48.315e-09  22.421e-09  14.031e-08  25.318e-09
        39.558e-08  72.375e-09  18.799e-07  10.857e-07
            0.990       0.273      -0.640
            0.852       0.133      -0.512
            0.556       0.063      -0.256
  3152  20.609e-08  17.918e-09  31.567e-08  19.656e-09
        19.064e-07  54.095e-09  98.448e-07  81.837e-08
           25.342       0.716       1.408
           13.826       0.273       1.536
            4.095       0.087       2.304
  3153  40.141e-08  22.764e-09  39.626e-08  26.560e-09
        47.997e-08  78.643e-09  47.040e-07  21.245e-07
            0.802       0.243       2.304
            0.747       0.119       2.304
            0.707       0.059       3.072
  3155  24.165e-08  25.318e-09  26.085e-08  22.782e-09
        93.309e-08  73.376e-09  41.605e-07  15.343e-07
            1.919       0.258       0.768
            1.846       0.128       0.832
            1.599       0.062       1.280
  3156  23.597e-07  68.064e-09  19.186e-07  74.039e-09
        29.906e-07  19.116e-08  24.801e-07  26.028e-07
            0.644       0.215      91.008
            0.558       0.105      91.072
            0.432       0.052      91.520
  3159  28.335e-08  22.802e-09  21.647e-08  24.414e-09
        40.317e-08  62.125e-09       0.000  98.921e-08
            1.187       0.235      15.552
            1.046       0.115      15.744
            0.821       0.055      16.512
  3160  30.917e-09  34.741e-09  44.084e-09  37.005e-09
        57.820e-08  93.905e-09       0.000  13.022e-07
            1.055       0.238       0.000
            0.870       0.115       0.128
            0.689       0.056       0.896
  3164  10.371e-08  24.770e-09  10.483e-08  21.233e-09
        43.579e-08  65.837e-09  60.255e-07  17.307e-07
            0.868       0.235      -0.064
            0.720       0.116       0.000
            0.563       0.056       0.576
  3166  21.952e-08  18.317e-09  28.087e-08  21.950e-09
        43.181e-08  58.438e-09       0.000  65.274e-08
            0.861       0.249       1.088
            0.638       0.119       0.064
            0.534       0.059       0.768
  3167  10.446e-08  20.470e-09  15.271e-08  17.830e-09
        23.788e-08  50.442e-09       0.000  78.578e-08
            0.528       0.207      -0.192
            0.335       0.100      -0.192
            0.287       0.050      -0.192
  3168  33.365e-08  35.609e-09  24.273e-08  30.854e-09
        89.341e-08  83.666e-09  99.642e-08  11.460e-07
            0.656       0.212       0.448
            0.507       0.103      -0.320
            0.408       0.051       0.000
  3171  26.401e-08  38.628e-09  67.171e-08  43.252e-09
        32.972e-07  12.020e-08  13.177e-06  17.385e-07
            0.963       0.277       5.696
            0.613       0.134       4.864
            0.497       0.065       5.696
  3173  32.156e-09  20.624e-10  63.283e-09  27.071e-10
        33.855e-08  89.633e-10  25.100e-07  18.970e-08
           14.904       0.581       0.128
            6.330       0.202       0.192
            1.670       0.067       0.768
  3174  38.936e-08  38.617e-09  57.916e-08  32.376e-09
        81.413e-08  88.656e-09  59.634e-07  16.618e-07
            0.663       0.232       0.768
            0.515       0.112       0.832
            0.439       0.055      -0.128
  3177  38.365e-08  18.672e-09  36.824e-08  14.537e-09
        10.333e-07  42.284e-09  58.110e-08  38.584e-08
            2.933       0.258       0.384
            2.703       0.127       0.448
            2.100       0.060       0.960
  3178  25.812e-07  23.820e-09  33.291e-07  26.499e-09
        16.749e-06  81.031e-09  76.679e-06  11.201e-07
           14.583       0.425       8.128
           14.335       0.211       8.192
           12.019       0.097       8.640
  3193  62.228e-08  33.975e-09  76.891e-08  25.961e-09
        23.253e-07  76.337e-09  30.822e-08  58.213e-08
            0.820       0.173       1.472
            0.653       0.084       2.176
            0.613       0.042       2.432
  3212  10.336e-07  36.686e-09  15.310e-07  37.025e-09
        37.553e-07  92.984e-09  40.772e-07  91.819e-08
            2.222       0.214       1.344
            2.020       0.104       1.536
            1.915       0.051       2.176
  3215  39.885e-09  42.755e-10  61.356e-09  41.462e-10
        35.103e-08  11.450e-09  92.574e-08  10.396e-08
           13.337       0.396       0.064
            6.481       0.150       0.192
            1.722       0.053       0.768
  3217  78.275e-08  39.221e-09  65.369e-08  27.043e-09
        20.660e-07  68.384e-09  25.424e-07  75.307e-08
            1.180       0.179      12.288
            0.994       0.087      12.672
            0.898       0.043      12.736
  3218  20.976e-10  15.138e-10  42.419e-10  16.480e-10
        52.264e-09  52.982e-10  34.477e-08  73.789e-09
            2.149       0.213       0.000
            0.827       0.089       0.128
            0.196       0.039       0.832
  3220  79.054e-08  48.905e-09  10.678e-07  38.413e-09
        34.801e-07  11.098e-08  10.453e-06  14.942e-07
            0.800       0.173       0.064
            0.695       0.085       0.064
            0.629       0.042       0.448
  3227  60.311e-07  49.846e-09  94.723e-07  52.212e-09
        32.147e-06  13.686e-08  54.334e-06  12.683e-07
           17.725       0.507     109.888
           17.026       0.248     110.016
           13.966       0.113     110.208
  3229  13.348e-08  19.885e-09  18.131e-08  16.113e-09
        18.644e-08  37.865e-09  49.594e-08  49.452e-08
            0.967       0.183      -0.640
            0.775       0.089      -0.512
            0.658       0.044      -0.192
  3237  86.128e-08  27.063e-09  79.645e-08  21.872e-09
        18.006e-07  53.912e-09  12.322e-07  47.284e-08
            2.314       0.214       2.496
            2.013       0.105       2.624
            1.911       0.052       3.008
  3238  33.615e-08  21.277e-09  30.050e-08  18.694e-09
        52.305e-08  49.221e-09  47.829e-08  53.709e-08
            1.657       0.202       0.256
            1.587       0.100       0.448
            1.308       0.048       0.960
  3241  61.468e-07  46.292e-09  65.960e-07  40.620e-09
        16.216e-06  98.681e-09  22.404e-06  89.537e-08
           13.845       0.395      23.744
           12.476       0.189      23.872
            9.091       0.084      21.632
  3242  27.326e-07  28.324e-09  93.826e-08  14.918e-09
        70.634e-08  32.694e-09  84.707e-08  43.350e-08
            2.920       0.231       3.648
            2.689       0.114       3.712
            2.511       0.056       3.904
  3245  10.034e-06  49.511e-09  15.100e-06  53.098e-09
        67.755e-06  15.387e-08  16.888e-05  14.254e-07
           14.086       0.436      31.936
           12.788       0.207      32.000
           10.929       0.096      29.824
  3246  12.230e-07  44.852e-09  77.680e-08  26.748e-09
        17.392e-07  64.865e-09  14.603e-07  61.954e-08
            1.289       0.183       8.768
            1.140       0.091       8.768
            0.952       0.044       9.472
  3247  13.939e-07  49.391e-09  27.520e-07  53.187e-09
        12.493e-06  15.041e-08  19.301e-06  16.964e-07
            1.507       0.193     167.488
            1.448       0.095     167.616
            1.139       0.045     166.336
  3248  13.874e-09  52.614e-10  71.015e-10  49.357e-10
        12.827e-08  13.332e-09  92.496e-08  29.276e-08
            1.016       0.197       0.064
            0.737       0.094       0.064
            0.500       0.044       0.640
  3255  39.413e-07  32.081e-09  34.138e-07  27.971e-09
        61.144e-07  67.950e-09  33.134e-07  54.861e-08
           12.667       0.421      28.800
           11.866       0.206      28.928
            9.446       0.094      29.504
  3256  12.014e-07  45.201e-09  11.622e-07  38.732e-09
        17.832e-07  90.945e-09       0.000  43.494e-08
            1.892       0.219       1.152
            1.763       0.108       1.600
            1.670       0.054       1.728
  3257  15.613e-07  39.302e-09  22.702e-07  32.718e-09
        84.091e-07  10.020e-08  23.650e-07  69.299e-08
            3.209       0.274       4.032
            3.063       0.133       4.032
            2.925       0.066       4.288
  3259  77.419e-08  25.610e-09  11.950e-07  25.528e-09
        43.248e-07  72.092e-09  76.310e-07  86.198e-08
            2.276       0.228       4.864
            2.063       0.111       5.248
            1.966       0.055       5.696
  3266  34.849e-10  35.260e-10  13.241e-09  38.870e-10
        11.108e-08  10.959e-09  14.112e-08  88.084e-09
            2.701       0.265       0.128
            1.382       0.111       0.128
            0.471       0.048       0.448
  3267  22.631e-08  20.804e-09  38.074e-08  22.094e-09
        10.367e-07  61.706e-09  68.047e-08  58.156e-08
            0.647       0.175       6.976
            0.451       0.085       5.696
            0.380       0.042       5.760
  3269  30.462e-08  12.263e-09  41.968e-08  14.415e-09
        30.032e-07  49.591e-09  13.523e-06  84.022e-08
            8.365       0.344       3.776
            6.172       0.152       3.840
            4.159       0.066       4.544
  3273  11.614e-07  48.060e-09  11.097e-07  42.384e-09
        25.745e-07  10.196e-08  10.673e-07  77.855e-08
            1.819       0.218       0.128
            1.585       0.106       0.192
            0.946       0.052      83.136
  3276  81.546e-09  20.680e-09  30.433e-08  21.440e-09
        62.257e-08  55.412e-09  17.680e-07  54.489e-08
            1.424       0.194       0.000
            1.267       0.096       0.128
            0.994       0.047       0.576
  3278  42.657e-10  79.446e-10  25.633e-09  87.915e-10
        11.156e-08  23.676e-09  13.592e-07  28.510e-08
            0.751       0.187       0.064
            0.635       0.090       0.192
            0.459       0.044       0.256
  3279  94.270e-08  41.488e-09  85.435e-08  34.674e-09
        11.908e-07  90.541e-09       0.000  82.526e-08
            1.282       0.189       0.768
            1.165       0.093       0.896
            1.008       0.046       0.960
  3280  21.647e-09  58.278e-10  23.590e-09  60.561e-10
        84.655e-09  15.269e-09  19.299e-09  11.100e-08
            0.512       0.166      -0.512
            0.389       0.080      -0.512
            0.328       0.040      -0.064
  3282  34.415e-10  15.911e-10  97.276e-10  17.430e-10
        48.094e-09  48.846e-10  94.720e-09  43.037e-09
            3.060       0.224       0.000
            0.968       0.087       0.128
            0.257       0.039       0.576
  3283  33.225e-08  14.873e-09  45.495e-08  14.549e-09
        10.779e-07  37.523e-09  13.835e-07  40.200e-08
            2.904       0.231       0.256
            2.574       0.113       0.320
            1.984       0.052       0.960
  3284  14.262e-09  10.620e-09  39.291e-09  10.714e-09
        17.544e-08  30.463e-09  16.146e-08  25.538e-08
            1.192       0.209      -0.192
            1.030       0.104       0.000
            0.666       0.050       0.640
  3286       0.000  16.673e-09  54.083e-10  92.340e-10
        50.701e-09  23.679e-09  13.418e-07  63.622e-08
            0.904       0.288       0.000
            0.719       0.137       0.128
            0.168       0.064       0.704
  3287  20.868e-07  37.548e-09  22.544e-07  28.957e-09
        68.434e-07  70.929e-09  10.181e-06  69.180e-08
            7.714       0.320      22.208
            6.692       0.151      22.208
            4.661       0.067      27.392
  3290  29.866e-07  26.916e-09  32.049e-07  24.991e-09
        68.947e-07  66.983e-09  44.107e-07  62.377e-08
           10.850       0.361      39.744
           10.704       0.179      39.872
           10.256       0.088      40.640
  3292  66.941e-08  45.805e-09  65.820e-08  36.633e-09
        11.642e-07  89.918e-09  58.302e-07  14.451e-07
            1.029       0.198     103.936
            0.802       0.096     102.208
            0.740       0.048     102.784
  3293  33.543e-09  29.379e-09       0.000  12.837e-09
        14.681e-08  25.731e-09  27.599e-09  12.219e-08
            2.283       0.581       0.000
            1.272       0.253       0.128
            0.456       0.137       0.128
  3294  61.734e-09  15.716e-09  64.091e-09  11.898e-09
        62.769e-08  32.407e-09  40.837e-07  54.725e-08
            2.056       0.231       0.640
            1.695       0.112       0.704
            1.427       0.054       0.896
  3296  19.017e-09  51.060e-10  14.116e-09  40.629e-10
        44.231e-09  11.128e-09  57.545e-08  27.741e-08
            1.599       0.199       0.000
            0.688       0.085       0.000
            0.165       0.038       0.000
  3297  18.407e-09  39.546e-10  29.969e-09  42.055e-10
        14.965e-08  12.742e-09  61.387e-08  16.938e-08
            4.453       0.334       0.128
            2.430       0.138       0.256
            0.766       0.056       0.640
  3299  49.349e-09  49.964e-10  98.617e-09  52.877e-10
        15.658e-08  12.517e-09       0.000  69.716e-09
            1.130       0.190      -0.768
            0.941       0.094      -1.344
            0.753       0.047      -0.064
  3301  71.427e-08  22.889e-09  11.320e-07  24.391e-09
        52.282e-07  68.486e-09  22.572e-06  10.291e-07
            2.979       0.229      12.352
            2.807       0.113      12.544
            2.521       0.054      12.544
  3303  10.401e-07  22.452e-09  11.882e-07  21.464e-09
        28.297e-07  52.074e-09  81.660e-08  35.051e-08
            3.972       0.246       6.784
            3.617       0.120       6.912
            3.187       0.057       7.616
  3306  29.814e-07  50.170e-09  29.324e-07  40.359e-09
        56.391e-07  96.806e-09  46.330e-07  86.617e-08
            3.496       0.244      90.048
            3.284       0.120      90.240
            2.746       0.057      90.816
  3307  72.693e-08  41.676e-09  58.243e-08  28.140e-09
        80.346e-08  78.312e-09  16.201e-07  10.611e-07
            1.846       0.202       0.000
            1.699       0.099       0.064
            0.894       0.045       0.320
  3308  15.665e-09  48.977e-10  10.687e-09  34.509e-10
        47.420e-09  95.067e-10  22.668e-08  16.099e-08
            1.053       0.210      -0.128
            0.678       0.098       0.000
            0.263       0.045       0.576
  3319  81.805e-09  10.452e-09  17.383e-08  92.172e-10
        57.123e-08  26.957e-09  55.642e-08  24.689e-08
            2.279       0.244       1.024
            2.107       0.121       1.024
            1.583       0.058       1.024
  3320  88.699e-08  29.415e-09  17.396e-07  29.846e-09
        36.397e-07  75.248e-09  93.582e-08  47.204e-08
            1.447       0.194      22.080
            1.142       0.095      22.272
            1.103       0.047      23.040
  3321  40.084e-09  92.379e-10  97.315e-09  10.193e-09
        48.840e-08  27.713e-09  60.432e-08  26.906e-08
            0.709       0.163       5.440
            0.565       0.080       6.400
            0.399       0.039       6.400
  3322  75.962e-09  18.490e-09  21.349e-08  16.192e-09
        64.744e-08  51.060e-09  20.529e-08  41.623e-08
            0.961       0.180       4.544
            0.771       0.089       4.672
            0.662       0.044       5.056
  3323       0.000  19.813e-10  18.105e-09  30.620e-10
        13.391e-08  10.239e-09  37.932e-08  93.600e-09
            1.581       0.194       0.256
            1.191       0.091       0.384
            0.559       0.040       0.576
  3324  37.205e-09  11.641e-09  98.022e-09  10.299e-09
        37.018e-08  31.113e-09       0.000  24.483e-08
            0.601       0.194       4.864
            0.478       0.096      -0.640
            0.354       0.047      -0.128
  3325  11.856e-09  47.118e-10  21.455e-09  46.744e-10
        77.013e-09  13.021e-09  27.070e-08  17.625e-08
            0.518       0.176      -0.576
            0.370       0.086      -0.448
            0.276       0.043       0.000
  3328  39.060e-09  58.700e-10  43.617e-09  50.070e-10
        87.649e-09  11.587e-09  37.017e-08  15.854e-08
            0.748       0.181      -0.640
            0.532       0.089       0.000
            0.439       0.043       0.000
  3330  15.182e-07  42.929e-09  16.962e-07  35.642e-09
        89.963e-07  90.814e-09  34.649e-06  11.242e-07
            8.818       0.341       4.288
            6.749       0.154       4.416
            4.792       0.069       4.928
  3333  13.013e-10  10.893e-10  53.703e-10  10.662e-10
        19.793e-09  31.931e-10  12.206e-09  20.563e-09
            1.770       0.222       0.000
            0.518       0.093       0.128
            0.094       0.043       0.576
  3335  10.877e-09  60.906e-10  11.988e-09  51.343e-10
        10.201e-08  13.018e-09  55.887e-08  18.029e-08
            0.751       0.170       0.064
            0.734       0.085       0.128
            0.399       0.040       0.384
  3336  15.352e-07  41.998e-09  21.318e-07  43.780e-09
        71.451e-07  12.051e-08  37.883e-07  10.873e-07
            1.472       0.187      49.152
            1.352       0.092      49.216
            1.042       0.043      49.728
  3337  26.920e-08  16.017e-09  28.933e-08  16.234e-09
        56.254e-08  50.562e-09  87.002e-08  69.392e-08
            0.874       0.197       0.768
            0.684       0.095       0.960
            0.614       0.047       1.472
  3338  71.150e-10  15.023e-10  15.199e-09  17.987e-10
        42.207e-09  51.074e-10       0.000  45.723e-09
            2.624       0.227       0.000
            1.105       0.094       0.064
            0.253       0.041       0.576
  3339  19.855e-08  28.725e-09  20.763e-08  24.842e-09
        75.357e-08  66.122e-09  62.640e-07  13.253e-07
            0.712       0.158      -0.192
            0.573       0.076      -0.064
            0.383       0.036       0.064
  3340  28.174e-09  35.792e-10  34.327e-09  36.596e-10
        14.325e-08  10.573e-09  33.893e-08  13.229e-08
            2.847       0.251       0.064
            1.902       0.113       0.256
            0.796       0.049       0.832
  3342  62.638e-11  14.254e-10  60.617e-10  15.065e-10
        42.638e-09  54.053e-10  33.040e-08  58.628e-09
            1.429       0.189       0.000
            0.719       0.082       0.128
            0.122       0.035       0.512
  3345  30.184e-07  57.495e-09  33.000e-07  41.511e-09
        11.142e-06  11.778e-08  14.645e-06  12.340e-07
            7.378       0.363       3.520
            6.759       0.177       3.584
            6.379       0.087       3.840
  3347  82.568e-08  49.425e-09  70.671e-08  34.931e-09
        20.671e-07  96.915e-09  22.031e-07  10.861e-07
            1.007       0.193      -1.024
            0.727       0.093       8.000
            0.557       0.045       0.896
  3349  10.189e-09  36.341e-10  29.171e-09  36.808e-10
        13.510e-08  96.898e-10  10.857e-08  72.171e-09
            3.225       0.236       0.128
            2.311       0.109       0.192
            0.699       0.045       0.704
  3350  18.016e-08  31.743e-09  19.123e-08  20.445e-09
        62.614e-08  51.063e-09  23.980e-07  67.699e-08
            1.285       0.209       2.752
            1.083       0.102       2.752
            0.771       0.049       3.456
  3351  20.675e-07  37.436e-09  14.685e-07  32.600e-09
        29.891e-07  92.829e-09  42.288e-07  12.312e-07
            5.180       0.271      95.040
            4.476       0.129      95.104
            2.555       0.054      95.680
  3352  15.762e-06  33.472e-08  16.848e-06  29.322e-08
        43.733e-06  73.622e-08  53.478e-07  44.970e-07
            3.840       0.253      18.752
            3.710       0.124      18.944
            3.603       0.062      19.328
  3356  36.845e-08  16.682e-09  39.367e-08  14.364e-09
        72.040e-08  36.332e-09  12.219e-08  25.311e-08
            2.223       0.241       1.984
            2.128       0.119       1.984
            1.627       0.057       2.304
  3357  88.791e-09  26.311e-09  87.148e-09  19.480e-09
        47.308e-08  53.139e-09  53.146e-07  11.762e-07
            0.408       0.154      -0.768
            0.271       0.074      -0.640
            0.227       0.037       7.360
  3358  36.474e-08  35.119e-09  53.955e-08  28.513e-09
        96.310e-08  70.955e-09  10.390e-07  63.835e-08
            1.241       0.227       0.512
            0.929       0.111       0.512
            0.881       0.055       1.472
  3359  25.716e-09  45.828e-10  24.573e-09  35.631e-10
        19.531e-08  10.495e-09  32.070e-08  11.370e-08
            3.012       0.250       0.064
            2.541       0.118       0.192
            0.891       0.048       0.576
  3360  89.841e-08  48.102e-09  18.862e-07  41.109e-09
        10.146e-06  13.434e-08  89.147e-06  24.585e-07
            1.273       0.193      24.896
            1.183       0.094      24.896
            0.965       0.045      25.280
  3364  84.171e-08  41.033e-09  95.238e-08  37.938e-09
        18.469e-07  97.074e-09  79.982e-07  14.391e-07
            0.966       0.197       5.056
            0.828       0.096       5.120
            0.712       0.047       5.568
  3366  27.710e-07  21.862e-09  26.004e-07  17.984e-09
        21.850e-07  34.372e-09  56.034e-07  37.189e-08
           13.902       0.439      -0.128
           13.558       0.217      -0.064
           13.313       0.108       0.000
  3369  13.278e-07  51.246e-09  99.803e-08  36.142e-09
        10.782e-07  91.890e-09       0.000  50.966e-08
            0.973       0.179      -0.320
            0.788       0.088      -0.128
            0.735       0.044       0.512
  3370  87.021e-09  18.831e-09  16.291e-08  19.400e-09
        44.630e-08  48.525e-09  63.461e-08  46.564e-08
            0.851       0.198       0.384
            0.695       0.097       0.576
            0.615       0.048       0.896
  3374  15.267e-09  43.627e-10  25.023e-09  42.130e-10
        98.010e-09  13.211e-09  47.630e-08  21.290e-08
            2.097       0.226       0.000
            1.278       0.102       0.128
            0.498       0.045       0.512
  3378  68.595e-09  15.481e-09  41.475e-09  11.073e-09
        32.478e-08  31.554e-09  25.216e-07  74.224e-08
            0.868       0.185      -0.128
            0.752       0.092      -0.064
            0.533       0.044       0.640
  3379  19.221e-09  39.215e-10  29.937e-09  39.005e-10
        18.026e-08  11.496e-09  17.756e-08  10.258e-08
            2.159       0.238       0.128
            1.646       0.114       0.320
            0.874       0.052       0.704
  3384       0.000  52.763e-11  34.935e-10  87.031e-11
        21.545e-09  29.367e-10       0.000  16.900e-09
            1.562       0.189       0.000
            0.554       0.081       0.064
            0.213       0.038       0.960
  3403  24.543e-08  22.128e-09  45.744e-08  23.692e-09
        92.990e-08  55.522e-09       0.000  28.518e-08
            0.593       0.157       3.648
            0.455       0.077      -1.600
            0.393       0.038      -0.832
  3405  23.252e-08  25.331e-09  30.067e-08  19.368e-09
        19.806e-07  58.280e-09  15.115e-06  96.988e-08
            1.744       0.231       6.720
            1.535       0.112      -0.128
            1.165       0.053       0.576
  3406  16.591e-07  10.396e-08  14.796e-07  85.586e-09
        16.372e-07  19.639e-08       0.000  96.038e-08
            1.046       0.193       0.320
            0.782       0.094       0.512
            0.717       0.047       0.704
  3407  59.040e-08  31.262e-09  10.012e-07  34.145e-09
        24.062e-07  10.569e-08  28.017e-07  12.268e-07
            1.833       0.215       0.000
            1.529       0.105       0.384
            1.397       0.052       0.896
  3408  56.141e-07  36.188e-09  88.378e-07  40.812e-09
        33.168e-06  11.336e-08  59.284e-06  10.377e-07
           14.731       0.447      27.264
           12.727       0.209      27.328
           10.748       0.096      27.392
  3410  69.520e-09  30.306e-10  13.063e-08  34.227e-10
        39.982e-08  78.596e-10  45.809e-09  22.174e-09
           22.794       0.453       0.064
           10.133       0.162       0.192
            2.533       0.052       0.576
  3412  87.024e-09  32.313e-10  18.675e-08  45.308e-10
        11.881e-07  14.688e-09  26.412e-07  90.839e-09
           54.820       0.760       0.000
           22.218       0.249       0.128
            5.632       0.073       0.768
  3415  40.834e-07  46.118e-09  48.589e-07  40.830e-09
        12.501e-06  99.151e-09  10.295e-06  82.121e-08
           10.306       0.399      31.616
            9.162       0.189      31.808
            7.072       0.085      45.120
  3416  37.346e-08  36.701e-09  26.686e-08  28.043e-09
        70.204e-08  68.187e-09  57.216e-08  65.538e-08
            1.698       0.195      -0.128
            1.313       0.093       0.000
            0.878       0.044       0.704
  3436  16.310e-07  38.343e-09  13.790e-07  28.626e-09
        43.590e-07  86.929e-09  11.118e-06  12.859e-07
            3.890       0.278      17.856
            3.558       0.137      17.984
            2.354       0.062      11.968
  3437  14.151e-10  29.077e-10  10.888e-10  32.050e-10
        48.334e-09  89.879e-10  89.254e-09  12.792e-08
            0.953       0.188      -0.064
            0.643       0.091       0.128
            0.169       0.040       0.640
  3439  15.242e-07  61.544e-09  10.486e-07  40.810e-09
        25.036e-07  10.663e-08  52.881e-07  14.024e-07
            1.962       0.202       1.856
            1.664       0.099       2.240
            1.596       0.049       2.496
  3440  60.259e-08  57.763e-09  17.068e-07  51.707e-09
        22.007e-07  13.429e-08  49.815e-07  14.083e-07
            0.687       0.170     155.840
            0.549       0.084     155.840
            0.424       0.041     156.160
  3441  42.762e-10  23.249e-09  11.336e-09  24.669e-09
        58.132e-09  73.873e-09  48.857e-09  71.691e-08
            2.057       0.250       0.000
            1.162       1.292       0.128
            0.378       1.290       0.512
  3448  58.443e-07  10.554e-08  48.754e-07  79.060e-09
        12.405e-06  18.232e-08  49.475e-06  26.253e-07
            2.398       0.227     224.512
            2.186       0.111     224.704
            1.813       0.053     225.152
  3458  19.661e-07  30.268e-09  37.880e-07  32.139e-09
        12.736e-06  80.584e-09  18.552e-06  68.076e-08
            9.040       0.367      15.296
            8.683       0.182      15.104
            8.101       0.088      15.488
  3464  19.569e-07  59.392e-09  27.425e-07  54.165e-09
        93.926e-07  14.286e-08  14.719e-06  14.125e-07
            2.473       0.221      20.288
            2.150       0.109      20.480
            1.814       0.053      20.928
  3465  54.087e-09  18.951e-09  11.429e-08  16.557e-09
        38.973e-08  55.191e-09  41.107e-07  11.445e-07
            0.711       0.183      -1.216
            0.563       0.091      -1.088
            0.436       0.045      -0.256
  3466  17.178e-08  17.925e-09  19.052e-08  13.892e-09
        53.836e-08  36.272e-09  15.716e-08  28.297e-08
            1.060       0.183       0.512
            0.867       0.091       0.704
            0.798       0.044       1.344
  3467  14.217e-08  10.421e-09  21.277e-08  10.015e-09
        74.630e-08  26.673e-09  21.474e-08  19.371e-08
            2.931       0.245       2.752
            2.335       0.111       1.408
            1.776       0.053       1.856
  3471  15.202e-08  21.549e-09  16.828e-08  18.236e-09
        47.325e-08  53.025e-09  21.721e-07  86.071e-08
            0.686       0.190      -0.640
            0.596       0.094      -0.640
            0.490       0.046      -0.384
  3472  41.288e-08  20.279e-09  48.598e-08  19.157e-09
        98.473e-08  52.222e-09  87.729e-08  52.185e-08
            1.446       0.215       2.112
            1.321       0.106       2.496
            1.150       0.052       2.752
  3476  87.425e-10  38.551e-10       0.000  50.612e-10
        10.450e-08  16.269e-09  44.741e-08  18.770e-08
            0.741       0.193       0.000
            0.448       0.091       0.128
            0.263       0.044       0.640
  3477  13.827e-09  67.288e-10  16.634e-09  66.187e-10
        14.863e-08  19.974e-09  28.300e-08  27.814e-08
            0.954       0.201      -0.448
            0.696       0.097      -0.320
            0.508       0.047       0.320
  3480  62.419e-08  13.592e-09  10.668e-07  14.495e-09
        49.254e-07  40.652e-09  98.706e-07  33.995e-08
           21.608       0.512       0.256
           19.594       0.247       0.320
           12.660       0.101       1.024
  3481  27.949e-07  34.047e-09  37.131e-07  29.129e-09
        14.362e-06  83.519e-09  35.822e-06  94.114e-08
           25.702       0.577      39.744
           21.937       0.266      39.872
           19.164       0.124      39.872
  3485  16.673e-07  66.540e-09  17.810e-07  56.675e-09
        27.391e-07  12.786e-08       0.000  57.870e-08
            1.079       0.189      -0.256
            0.883       0.092       0.832
            0.829       0.046       0.256
  3486  56.081e-08  30.517e-09  70.078e-08  30.539e-09
        15.920e-07  78.998e-09       0.000  53.787e-08
            1.484       0.196       1.792
            1.268       0.095       1.792
            1.194       0.047       2.112
  3487  40.278e-10  40.742e-10  67.841e-10  32.242e-10
        73.042e-09  99.629e-10  29.200e-08  14.186e-08
            1.181       0.191       0.000
            0.711       0.092       0.064
            0.301       0.043       0.512
  3488  79.087e-08  36.475e-09  98.304e-08  31.805e-09
        25.884e-07  84.049e-09  53.703e-07  10.521e-07
            9.398       0.384       3.392
            8.645       0.185       3.392
            4.781       0.074       3.648
  3489  24.201e-07  47.759e-09  40.428e-07  46.816e-09
        17.017e-06  12.333e-08  25.794e-06  10.184e-07
            7.317       0.367       7.488
            6.648       0.178       7.616
            5.766       0.085       8.128
  3491  72.380e-07  35.434e-09  66.037e-07  28.503e-09
        19.374e-06  75.697e-09  30.444e-06  61.160e-08
           30.654       0.624       7.872
           30.215       0.311       7.936
           25.699       0.144       8.384
  3492  35.482e-07  21.477e-09  49.755e-07  24.259e-09
        18.745e-06  69.375e-09  53.073e-06  62.387e-08
           61.441       0.905       4.736
           58.610       0.443       4.864
           47.513       0.198       5.440
  3493  79.344e-09  25.257e-09  10.499e-08  19.334e-09
        77.902e-08  48.812e-09  31.166e-07  67.004e-08
            1.089       0.193       0.192
            0.819       0.093       0.192
            0.681       0.045       0.832
  3494  50.443e-09  13.458e-09  27.917e-09  85.415e-10
        88.195e-09  22.368e-09  53.924e-08  44.457e-08
            2.213       0.237       0.000
            1.047       0.103       0.192
            0.392       0.047       0.960
  3502  94.610e-10  39.681e-10  24.342e-09  35.054e-10
        19.679e-08  10.591e-09  46.721e-08  10.316e-08
            2.411       0.234       0.256
            2.092       0.112       0.320
            0.853       0.046       0.704
  3503  24.475e-08  23.564e-09  30.200e-08  16.481e-09
        69.511e-08  40.701e-09  84.663e-09  25.601e-08
            1.351       0.200       1.984
            1.312       0.098       2.112
            1.184       0.048       2.688
  3505  36.060e-08  58.688e-09  13.314e-08  37.378e-09
        37.599e-08  98.571e-09  11.414e-07  15.309e-07
            0.780       0.264      -0.064
            0.839       0.136       0.000
            0.480       0.066       0.192
  3509  23.294e-08  21.683e-09  78.003e-08  26.298e-09
        19.426e-07  67.977e-09  36.537e-08  41.748e-08
            1.191       0.198       4.928
            1.083       0.097       3.072
            1.015       0.048       3.520
  3510  54.518e-10  26.041e-10  90.827e-10  29.731e-10
        67.586e-09  82.384e-10  18.899e-09  64.820e-09
            1.796       0.194      -0.192
            1.035       0.087      -0.064
            0.310       0.038       0.448
  3511  11.755e-07  44.048e-09  59.669e-08  30.046e-09
        82.870e-08  72.841e-09       0.000  63.319e-08
            1.862       0.259       8.448
            1.589       0.127       8.576
            1.073       0.060       0.896
  3512  77.997e-08  22.718e-09  12.546e-07  23.826e-09
        43.273e-07  68.522e-09  59.230e-07  72.023e-08
            5.092       0.295       1.856
            4.842       0.145       1.920
            4.517       0.071       2.240
  3514  12.303e-07  48.247e-09  10.003e-07  37.956e-09
        25.289e-07  10.580e-08  58.312e-07  15.253e-07
            1.080       0.209      36.864
            0.799       0.100      36.608
            0.694       0.050      37.312
  3515  14.809e-08  13.872e-09  18.626e-08  11.913e-09
        38.244e-08  30.096e-09  16.678e-08  24.723e-08
            0.894       0.175      -0.320
            0.727       0.087       0.512
            0.644       0.043       0.832
  3516  56.107e-08  15.089e-09  66.157e-08  15.336e-09
        26.282e-07  47.185e-09  48.172e-07  56.236e-08
            7.835       0.366       6.208
            5.275       0.160       6.272
            3.429       0.071       1.280
  3523  51.088e-07  31.714e-09  87.135e-07  38.848e-09
        48.907e-06  12.782e-08  34.639e-05  18.422e-07
           21.806       0.530       3.904
           21.568       0.264       4.032
           20.696       0.130       4.416
  3527  37.072e-08  27.146e-09  40.837e-08  21.509e-09
        12.840e-07  57.602e-09  69.935e-08  41.141e-08
            3.579       0.462       0.128
            3.007       0.222       0.192
            2.663       0.109       0.832
  3528  99.698e-09  12.613e-09  18.115e-08  12.661e-09
        26.855e-08  34.850e-09       0.000  35.314e-08
            0.536       0.161       0.256
            0.414       0.078       0.448
            0.331       0.039       1.216
  3530  73.272e-09  72.118e-10  67.801e-09  50.348e-10
        52.348e-09  10.960e-09  62.827e-08  23.821e-08
            1.540       0.205       0.128
            1.223       0.099       0.128
            0.655       0.045       0.384
  3545  22.226e-09  43.725e-10  28.158e-09  47.734e-10
        27.434e-08  14.398e-09  12.818e-07  21.612e-08
            1.534       0.209      -0.896
            1.332       0.103      -0.768
            0.889       0.047       0.000
  3552  95.760e-08  36.418e-09  45.305e-08  27.206e-09
        51.313e-08  70.812e-09  41.605e-08  79.067e-08
            0.920       0.203      -0.128
            0.669       0.098      -0.512
            0.507       0.048       0.128
  3567  18.370e-07  82.945e-09  19.451e-07  75.260e-09
        57.700e-07  19.947e-08  14.324e-06  26.882e-07
            1.448       0.189       2.176
            1.187       0.092       2.304
            1.049       0.045       2.880
  3569  37.064e-08  16.774e-09  42.242e-08  16.151e-09
        10.316e-07  43.239e-09  21.034e-08  28.220e-08
            4.928       0.288       0.960
            4.532       0.140       1.152
            3.758       0.066       1.856
  3588  21.079e-07  41.630e-09  20.769e-07  38.156e-09
        30.658e-07  11.337e-08       0.000  88.586e-08
            1.605       0.222       6.336
            1.448       0.109       2.048
            1.312       0.053       2.368
  3593  95.326e-08  21.905e-09  16.446e-07  23.431e-09
        72.724e-07  64.969e-09  34.375e-06  82.887e-08
            7.988       0.364       0.064
            6.611       0.167       0.192
            5.909       0.080       1.024
  3598  22.781e-08  10.509e-09  36.043e-08  10.547e-09
        10.876e-07  26.744e-09  10.991e-07  23.885e-08
            4.788       0.279       1.024
            4.361       0.136       1.024
            3.271       0.062       1.536
  3606  48.055e-09  54.787e-10  90.174e-09  61.463e-10
        69.124e-08  18.203e-09  15.363e-07  19.377e-08
            3.950       0.267       0.128
            3.401       0.127       0.256
            2.721       0.059       0.960
  3608  42.577e-08  14.914e-09  35.136e-08  13.921e-09
        11.702e-07  35.728e-09  10.123e-07  36.854e-08
            1.978       0.208       1.408
            1.699       0.101       1.088
            1.583       0.049       1.536
  3611  15.496e-08  11.812e-09  29.875e-09  65.157e-10
        68.072e-09  15.665e-09  57.865e-08  39.585e-08
            0.859       0.177       0.064
            0.723       0.086       0.128
            0.459       0.041       0.704
  3618  98.989e-08  33.844e-09  19.166e-07  36.597e-09
        78.005e-07  10.166e-08  73.317e-07  94.628e-08
            2.694       0.232       0.576
            2.501       0.114       0.704
            2.340       0.056       1.472
  3634  25.291e-07  91.297e-09  26.416e-07  60.216e-09
        10.621e-06  17.662e-08  26.485e-06  21.684e-07
            3.685       0.323     130.688
            3.304       0.157     130.816
            2.907       0.076     130.944
  3637  61.989e-08  19.924e-09  74.846e-08  16.605e-09
        24.743e-07  49.549e-09  27.200e-08  30.973e-08
            2.904       0.251       4.288
            2.697       0.123       4.416
            2.532       0.061       4.736
  3639  66.665e-08  10.834e-08  68.028e-08  10.348e-08
        19.302e-07  31.326e-08  24.867e-07  39.126e-07
            1.535       0.052     666.112
            1.126       0.024     667.136
            0.850       0.048       1.472
  3640  11.256e-09  20.325e-10  16.550e-09  18.410e-10
        33.610e-09  44.938e-10  63.647e-09  44.649e-09
            2.666       0.219       0.000
            1.052       0.090       0.128
            0.287       0.040       0.512
  3642  27.370e-09  36.379e-10  60.079e-09  41.161e-10
        24.290e-08  11.301e-09  42.963e-08  98.134e-09
            6.831       0.315       0.000
            3.970       0.131       0.192
            1.336       0.052       0.576
  3643  99.664e-09  81.294e-10  56.542e-09  59.701e-10
        69.351e-09  15.552e-09  27.465e-08  30.659e-08
            1.008       0.202       0.704
            0.834       0.100       0.832
            0.494       0.046       0.896
  3644  87.906e-09  49.486e-10  15.985e-08  51.943e-10
        40.804e-08  13.052e-09  38.789e-08  92.000e-09
            6.858       0.324       0.192
            5.323       0.150       0.384
            2.802       0.064       0.896
  3647  44.546e-08  28.734e-09  63.378e-08  29.416e-09
        12.956e-07  81.799e-09       0.000  44.938e-08
            1.003       0.211      41.856
            0.709       0.102      41.920
            0.547       0.050      19.840
  3648  25.775e-07  44.995e-09  27.409e-07  31.909e-09
        60.440e-07  77.567e-09  45.934e-07  66.632e-08
            5.907       0.310      41.024
            5.700       0.153      41.088
            5.362       0.074      41.664
  3649  97.143e-08  10.295e-08  12.683e-07  87.386e-09
        35.297e-07  22.983e-08  43.537e-07  23.855e-07
            4.367       0.309      20.672
            4.277       0.156      20.736
            3.914       0.080      21.312
  3652  47.884e-08  59.260e-09  41.708e-08  55.253e-09
        11.488e-07  17.155e-08  95.842e-08  20.050e-07
            1.134       0.206       0.384
            0.886       0.098       0.576
            0.676       0.048       0.832
  3654  51.132e-08  21.247e-09  92.078e-08  20.854e-09
        34.296e-07  58.987e-09  27.429e-07  52.423e-08
            3.242       0.280       2.112
            2.880       0.138       2.304
            2.682       0.068       2.752
  3655  23.461e-08  19.014e-09  22.546e-08  13.220e-09
        47.671e-08  32.880e-09  16.035e-07  45.483e-08
            1.163       0.193       1.344
            0.882       0.092       1.344
            0.669       0.045       1.984
  3658  13.731e-07  17.153e-09  26.158e-07  20.132e-09
        84.441e-07  53.592e-09  13.087e-06  44.780e-08
           13.512       0.424       0.896
           12.902       0.208       0.960
           10.135       0.094       1.280
  3662  85.530e-08  32.012e-09  13.696e-07  31.904e-09
        51.903e-07  87.933e-09  25.458e-06  12.921e-07
            3.339       0.259       1.664
            3.054       0.126       1.792
            2.880       0.062       2.176
  3663  25.133e-07  57.511e-09  27.116e-07  41.789e-09
        88.385e-07  12.334e-08  17.971e-06  16.349e-07
            4.805       0.270     157.504
            4.483       0.131     157.696
            3.047       0.058     158.144
  3664  16.007e-07  64.220e-09  12.610e-07  48.312e-09
        16.167e-07  11.390e-08       0.000  96.783e-08
            2.211       0.235       2.880
            1.984       0.115       2.880
            1.568       0.055       3.264
  3665  85.897e-10  19.295e-10  22.893e-09  23.841e-10
        24.943e-08  83.480e-10  12.039e-07  86.074e-09
            9.437       0.354       0.064
            4.001       0.134       0.192
            1.010       0.051       0.512
  3668  13.077e-09  23.624e-10  13.616e-09  19.695e-10
        12.321e-08  71.941e-10  27.884e-07  18.367e-08
            3.310       0.295      -0.064
            2.127       0.118       0.128
            0.620       0.047       0.512
  3671  98.330e-09  13.734e-09  10.094e-08  12.136e-09
        51.046e-08  30.543e-09  26.747e-07  48.017e-08
            1.051       0.206       0.768
            0.938       0.101       0.128
            0.766       0.049       0.832
  3717  96.259e-08  67.274e-09  10.254e-07  62.005e-09
        13.327e-07  13.481e-08       0.000  62.493e-08
            0.874       0.209      -0.128
            0.772       0.102       0.000
            0.702       0.050       0.448
  3722  29.236e-09  48.890e-10  26.881e-09  37.224e-10
        12.050e-08  94.911e-10  23.296e-08  10.212e-08
            2.479       0.224       0.000
            1.947       0.108       0.000
            0.660       0.047       0.512
  3728  43.299e-10  27.678e-10  15.812e-09  33.025e-10
        64.103e-09  93.294e-10  26.146e-09  65.711e-09
            1.626       0.200      -0.064
            1.322       0.098       0.000
            0.347       0.042       0.000
  3733  42.337e-09  76.974e-10  54.537e-09  61.722e-10
        11.820e-08  20.709e-09  26.136e-09  16.966e-08
            0.621       0.173      -0.512
            0.560       0.085      -0.448
            0.318       0.041      -0.128
  3735  27.136e-09  46.444e-10  55.077e-09  50.549e-10
        54.575e-08  15.797e-09  35.387e-07  23.075e-08
            4.834       0.293       0.576
            4.159       0.138       0.640
            2.161       0.056       0.832
  3736  83.461e-09  45.287e-10  14.718e-08  51.810e-10
        80.545e-08  16.612e-09  40.209e-07  19.437e-08
           26.745       0.574       0.000
           11.015       0.197       0.128
            3.971       0.071       0.896
  3737  13.097e-09  32.813e-10  28.638e-09  37.900e-10
        14.485e-08  11.398e-09  76.989e-08  14.928e-08
            4.759       0.308       0.064
            2.463       0.124       0.128
            0.726       0.050       0.448
  3740  46.777e-08  41.714e-09  39.628e-08  30.069e-09
        48.917e-08  69.955e-09       0.000  75.996e-08
            0.736       0.180      -0.448
            0.558       0.088      -0.576
            0.449       0.044       0.128
  3742  27.333e-10  32.207e-10  60.217e-10  36.003e-10
        10.111e-08  11.464e-09  70.268e-08  18.840e-08
            0.940       0.210      -0.064
            0.874       0.104       0.000
            0.378       0.048       0.000
  3745  10.323e-07  52.983e-09  98.107e-08  43.253e-09
        23.993e-07  11.452e-08  85.490e-08  87.954e-08
            2.674       0.258      78.528
            2.211       0.122      78.528
            1.535       0.057      78.784
  3751  48.612e-10  28.524e-10  32.657e-09  39.161e-10
        19.034e-08  11.702e-09  38.145e-08  89.699e-09
            2.486       0.232      -0.064
            1.983       0.112       0.064
            0.870       0.049       0.384
  3765  42.827e-07  35.438e-09  62.625e-07  36.413e-09
        19.215e-06  95.415e-09  19.241e-06  86.076e-08
           25.956       0.543      66.048
           25.289       0.270      66.240
           22.809       0.128      66.752
  3766  42.055e-08  40.163e-09  54.588e-08  38.139e-09
        16.445e-07  96.375e-09  16.650e-07  98.318e-08
            1.198       0.201     120.320
            1.091       0.099     121.024
            1.036       0.049     121.024
  3768  55.802e-08  26.020e-09  59.079e-08  21.906e-09
        70.801e-08  58.044e-09       0.000  57.511e-08
            0.954       0.214       1.920
            0.827       0.105       1.920
            0.725       0.051       1.920
  3770  13.452e-09  30.871e-10  40.228e-09  37.424e-10
        28.123e-08  11.628e-09  71.021e-08  11.165e-08
            5.157       0.277       0.064
            2.811       0.116       0.192
            1.259       0.049       0.640
  3771  38.741e-08  37.277e-09  68.719e-08  36.254e-09
        17.545e-07  92.442e-09  19.295e-07  80.416e-08
            1.751       0.214      25.344
            1.425       0.104      25.728
            1.195       0.051      26.112
  3772  38.852e-08  22.799e-09  53.875e-08  22.272e-09
        15.637e-07  71.233e-09  68.499e-07  12.445e-07
            1.198       0.191       3.712
            1.127       0.094       3.904
            0.853       0.045       4.480
  3773  21.311e-07  13.647e-08  78.522e-08  42.463e-09
        22.384e-08  77.469e-09  83.575e-07  30.841e-07
            0.507       0.159       0.768
            0.384       0.079       0.832
            0.252       0.039      -0.448
  3774  11.791e-09  20.858e-10  11.422e-09  17.956e-10
        29.922e-09  52.074e-10       0.000  55.163e-09
            1.665       0.216      -0.128
            0.832       0.098       0.000
            0.219       0.045       0.000
  3776  27.376e-07  55.057e-09  25.293e-07  40.457e-09
        72.083e-07  97.600e-09  39.880e-07  75.940e-08
            5.897       0.290       7.168
            5.542       0.141       7.232
            4.841       0.068       7.936
  3779  12.376e-08  10.263e-09  94.404e-09  80.155e-10
        20.715e-08  20.030e-09  28.931e-09  14.462e-08
            0.783       0.182      -0.640
            0.673       0.090      -0.448
            0.575       0.045      -0.064
  3782  52.929e-10  19.222e-10  77.021e-10  15.208e-10
        24.249e-09  40.009e-10  11.744e-11  20.502e-09
            1.309       0.179       0.000
            0.624       0.079       0.128
            0.173       0.036       0.896
  3788  43.428e-07  43.423e-09  53.015e-07  37.923e-09
        15.549e-06  98.332e-09  17.465e-06  94.864e-08
            5.277       0.292      27.264
            5.201       0.146      27.392
            4.954       0.071      27.520
  3789  30.650e-08  15.181e-09  32.789e-08  13.041e-09
        10.412e-07  34.304e-09  12.870e-07  35.785e-08
            2.454       0.233       0.704
            2.095       0.113       0.448
            2.024       0.056       1.152
  3791  18.600e-09  38.276e-10  18.386e-09  30.832e-10
        15.490e-08  10.437e-09  14.660e-07  22.760e-08
            3.418       0.259       0.256
            2.122       0.110       0.384
            0.687       0.044       0.640
  3792  20.722e-08  23.664e-09  23.308e-08  20.777e-09
        49.453e-08  52.152e-09       0.000  57.866e-08
            0.834       0.176      -0.064
            0.602       0.086       0.000
            0.503       0.042       0.640
  3799  80.002e-10  17.920e-10  38.098e-10  16.827e-10
        31.792e-09  50.526e-10       0.000  26.639e-09
            1.787       0.223       0.000
            0.607       0.095       0.192
            0.141       0.043       0.384
  3800  18.520e-08  20.588e-09  26.379e-08  19.609e-09
        44.321e-08  49.452e-09       0.000  44.883e-08
            0.750       0.173      14.272
            0.549       0.085      14.144
            0.439       0.042      14.528
  3801  17.912e-08  31.294e-09  32.403e-08  24.202e-09
        98.718e-08  70.699e-09  24.057e-08  48.654e-08
            1.398       0.217       1.664
            1.105       0.105       1.856
            0.697       0.050       1.920
  3805  18.294e-08  16.695e-09  35.949e-08  17.123e-09
        80.575e-08  43.038e-09  60.552e-08  39.984e-08
            0.941       0.168       1.216
            0.815       0.082       1.408
            0.692       0.040       1.536
  3807  53.506e-09  93.120e-10  93.758e-09  93.767e-10
        43.219e-08  24.208e-09  52.293e-08  22.086e-08
            1.223       0.216       0.000
            0.828       0.102       0.000
            0.663       0.050       0.256
  3810  14.371e-10  14.675e-10  80.799e-10  19.683e-10
        55.694e-09  68.519e-10  17.532e-08  71.595e-09
            2.253       0.251       0.000
            0.972       0.108       0.064
            0.316       0.050       0.832
  3811  14.102e-07  22.313e-09  69.258e-08  14.265e-09
        79.844e-08  33.966e-09  54.425e-08  34.920e-08
            2.761       0.260       3.200
            2.381       0.128       3.200
            2.079       0.062       3.456
  3814  16.051e-08  92.395e-10  11.649e-08  75.651e-10
        20.541e-08  18.895e-09  27.347e-08  23.141e-08
            2.546       0.230       0.832
            2.281       0.113       0.896
            1.225       0.050       1.536
  3815  55.713e-08  16.114e-09  32.578e-08  10.448e-09
        38.863e-08  23.943e-09  10.832e-08  18.092e-08
            2.591       0.230       2.048
            2.321       0.112       2.240
            1.639       0.052       2.496
  3819  74.216e-08  36.993e-09  66.793e-08  26.777e-09
        12.946e-07  76.129e-09       0.000  71.426e-08
            1.102       0.193       0.384
            0.930       0.096       0.896
            0.850       0.047       1.728
  3840  16.743e-09  79.451e-10  24.936e-09  57.467e-10
        50.509e-09  14.091e-09  17.231e-11  77.006e-09
            1.042       0.189      -0.064
            0.595       0.091       0.000
            0.308       0.044       0.576
  3843  10.604e-07  31.862e-09  21.540e-07  35.075e-09
        68.898e-07  92.562e-09  30.557e-07  68.703e-08
            2.514       0.224       9.792
            2.332       0.110       9.984
            2.213       0.054       9.984
  3853  38.512e-08  47.608e-09  53.547e-08  43.245e-09
        89.764e-08  10.729e-08  28.267e-07  13.553e-07
            3.306       0.354       0.768
            3.075       0.177       0.768
            2.093       0.081       0.832
  3860  96.644e-08  22.313e-09  19.634e-07  26.396e-09
        11.904e-06  80.514e-09  53.697e-06  98.215e-08
            4.731       0.288      20.160
            4.443       0.141      20.288
            3.805       0.067      20.544
  3864  23.355e-09  46.446e-10  36.144e-09  50.454e-10
        27.146e-08  15.316e-09  20.323e-07  26.815e-08
            1.338       0.191      -0.704
            1.106       0.091      -0.704
            0.802       0.043       0.064
  3866  23.978e-08  11.789e-09  25.767e-08  89.301e-10
        12.109e-07  25.103e-09  26.552e-07  26.620e-08
            6.098       0.312       0.384
            5.652       0.152       0.576
            4.107       0.068       0.896
  3867  19.492e-09  33.638e-10  42.905e-09  43.285e-10
        28.301e-08  14.175e-09  12.036e-07  17.498e-08
            3.254       0.295       0.000
            2.913       0.142       0.128
            1.302       0.060       0.704
  3868  58.416e-10  19.849e-10  90.151e-10  15.747e-10
        26.221e-09  43.177e-10  10.829e-08  56.701e-09
            1.750       0.196       0.000
            0.675       0.081       0.128
            0.215       0.037       0.128
  3869  16.039e-08  13.197e-09  20.184e-08  11.696e-09
        51.302e-08  29.335e-09  39.311e-08  26.123e-08
            1.251       0.205       1.088
            1.002       0.100       1.152
            0.886       0.049       1.088
  3870  16.063e-07  18.774e-09  17.633e-07  17.256e-09
        36.776e-07  44.185e-09  72.931e-07  51.946e-08
           14.113       0.455       0.512
           13.929       0.226       0.704
           11.881       0.106       1.152
  3871  37.366e-08  24.957e-09  54.370e-08  23.734e-09
        12.413e-07  67.601e-09  36.059e-07  94.875e-08
            1.347       0.203       2.624
            1.105       0.098       2.624
            1.005       0.048       2.816
  3875  35.286e-08  12.759e-09  28.148e-08  88.741e-10
        32.130e-08  19.202e-09  12.471e-08  14.129e-08
            3.023       0.226       0.128
            2.802       0.112       0.320
            2.161       0.053       0.960
  3879  47.972e-08  16.928e-09  54.728e-08  15.339e-09
        96.529e-08  36.305e-09  40.816e-08  29.293e-08
            1.761       0.206       0.960
            1.508       0.101       0.960
            1.372       0.049       1.536
  3886  20.390e-08  12.004e-09  22.219e-08  11.149e-09
        59.946e-08  29.243e-09  90.833e-08  33.042e-08
            2.268       0.208       0.192
            2.110       0.102       0.384
            1.480       0.047       0.896
  3888  40.950e-09  76.609e-10  43.943e-09  59.120e-10
        20.513e-08  15.450e-09  13.745e-07  24.225e-08
            4.651       0.261       0.064
            2.903       0.115       0.128
            0.971       0.047       0.640
  3889  32.356e-10  10.414e-10  67.100e-10  11.783e-10
        48.663e-09  38.668e-10  15.971e-08  37.987e-09
            3.499       0.260       0.000
            0.947       0.104       0.000
            0.220       0.048       0.896
  3890  21.632e-08  16.613e-09  33.638e-08  15.969e-09
        50.579e-08  43.209e-09  25.865e-08  37.551e-08
            1.430       0.230       2.240
            1.054       0.110       4.736
            0.777       0.054       3.008
  3891  12.557e-07  31.111e-09  16.787e-07  26.695e-09
        47.980e-07  80.460e-09  63.222e-07  89.058e-08
           15.480       0.468      33.280
           13.693       0.223      33.408
            9.175       0.094      33.984
  3892  42.678e-08  14.389e-09  18.944e-08  86.635e-10
        39.132e-08  21.440e-09  81.449e-08  31.181e-08
            1.855       0.201       0.448
            1.666       0.098       0.512
            1.540       0.048       1.216
  3893  20.110e-07  27.150e-09  37.423e-07  31.086e-09
        99.005e-07  79.054e-09  25.602e-07  48.945e-08
            4.048       0.266      12.736
            3.696       0.129      13.568
            3.544       0.063      13.440
  3894  11.007e-09  60.880e-10  15.298e-09  48.651e-10
        72.026e-09  11.948e-09  20.175e-08  14.192e-08
            1.630       0.208       0.000
            0.691       0.091       0.064
            0.343       0.043       0.768
  3895  79.631e-10  47.634e-10  14.285e-09  35.637e-10
        59.184e-09  10.079e-09  42.483e-09  86.494e-09
            0.755       0.195      -0.192
            0.604       0.096       0.000
            0.327       0.046       0.512
  3899  34.150e-08  30.341e-09  27.770e-08  21.791e-09
        52.253e-08  67.245e-09  22.681e-07  12.416e-07
            0.512       0.175       2.944
            0.467       0.088       0.256
            0.343       0.043       0.256
  3900  56.627e-08  27.532e-09  71.918e-08  27.693e-09
        12.196e-07  83.171e-09       0.000  71.958e-08
            1.673       0.203      29.440
            1.534       0.099      29.504
            1.079       0.047      30.144
  3901  32.816e-08  29.438e-09  35.542e-08  23.659e-09
        63.586e-08  67.310e-09  13.254e-08  51.075e-08
            0.693       0.177       5.696
            0.423       0.084       0.576
            0.364       0.041       0.640
  3902  17.463e-09  20.065e-10  29.336e-09  22.622e-10
        23.791e-08  71.213e-10  98.472e-08  69.129e-09
            8.257       0.313       0.064
            4.182       0.122       0.128
            1.047       0.045       0.768
  3903  24.047e-08  32.540e-09  17.945e-08  26.888e-09
        64.145e-08  65.524e-09  17.801e-07  92.847e-08
            1.473       0.206      23.616
            0.737       0.092      23.680
            0.324       0.042      24.448
  3904  14.383e-10  74.388e-11  30.997e-10  88.079e-11
        13.944e-09  29.082e-10  69.525e-09  41.530e-09
            1.171       0.197       0.000
            0.545       0.090       0.064
            0.150       0.042       0.448
  3905  77.487e-08  17.749e-09  12.475e-07  19.346e-09
        38.862e-07  55.091e-09  58.560e-07  54.455e-08
            4.675       0.281      15.104
            4.390       0.138      15.232
            3.914       0.066      15.872
  3906  85.035e-08  20.432e-09  96.147e-08  18.912e-09
        19.578e-07  46.777e-09  23.392e-07  49.160e-08
            2.518       0.225       4.096
            2.322       0.111       4.224
            2.197       0.055       4.736
  3908  88.867e-09  17.902e-09  12.946e-08  17.675e-09
        43.866e-08  50.214e-09  59.805e-08  61.813e-08
            1.115       0.184       0.512
            1.017       0.091       0.576
            0.735       0.043       0.960
  3909  66.633e-08  17.767e-09  46.883e-08  14.673e-09
        79.001e-08  35.498e-09  81.299e-08  37.560e-08
            2.824       0.230       6.720
            2.773       0.114       6.720
            1.908       0.052       7.040
  3910  10.153e-09  19.137e-10  16.047e-09  19.562e-10
        25.923e-09  48.374e-10  83.557e-10  34.393e-09
            2.444       0.230       0.000
            0.934       0.098       0.064
            0.241       0.043       0.832
  3912  11.765e-07  26.631e-09  11.865e-07  20.952e-09
        31.856e-07  53.874e-09  32.175e-07  49.017e-08
            4.249       0.261       2.112
            4.037       0.130       2.304
            3.792       0.064       2.752
  3913  98.962e-08  33.550e-09  23.690e-07  36.458e-09
        67.244e-07  94.018e-09  27.008e-07  71.337e-08
            1.370       0.190      45.632
            1.081       0.092      45.632
            0.973       0.045      45.952
  3914  12.991e-08  31.837e-09  20.090e-08  27.037e-09
        49.625e-08  65.562e-09  56.811e-10  39.517e-08
            0.499       0.168       6.272
            0.323       0.081      -0.576
            0.269       0.040      -0.064
  3916  16.707e-07  42.194e-09  14.722e-07  30.428e-09
        32.987e-07  85.397e-09  34.489e-07  10.195e-07
            1.295       0.178       7.232
            1.136       0.087       7.552
            1.046       0.043       8.064
  3917  80.715e-08  41.165e-09  12.225e-07  42.036e-09
        37.073e-07  12.335e-08  26.940e-06  22.844e-07
            1.212       0.196       2.688
            0.973       0.094       3.968
            0.877       0.046       4.736
  3918  14.709e-07  42.396e-09  19.139e-07  41.488e-09
        66.789e-07  11.766e-08  11.452e-06  13.785e-07
            2.277       0.244      17.216
            1.997       0.118      17.280
            1.789       0.057      17.984
  3919  61.947e-11  99.131e-11  96.015e-10  16.210e-10
        20.575e-09  48.761e-10  22.422e-09  35.256e-09
            1.211       0.178       0.000
            0.569       0.081       0.064
            0.175       0.037       0.896
  3921  74.526e-10  35.307e-10  26.496e-09  33.069e-10
        28.999e-08  11.655e-09  10.218e-07  12.542e-08
            3.524       0.248       0.128
            3.174       0.120       0.320
            1.150       0.046       0.896
  3924  27.775e-08  20.112e-09  14.026e-08  12.828e-09
        23.366e-08  32.341e-09  12.477e-07  64.475e-08
            1.248       0.186       0.192
            1.115       0.092       0.256
            0.819       0.044       0.896
  3926  71.028e-10  88.404e-10  10.601e-08  12.894e-09
        53.065e-08  44.149e-09  21.605e-07  38.431e-08
            1.209       0.225       6.208
            0.865       0.109      -0.832
            0.621       0.053      -0.448
  3929  12.142e-07  20.376e-09  15.098e-07  20.699e-09
        61.038e-07  62.683e-09  14.657e-06  79.697e-08
            4.358       0.257       4.800
            3.969       0.125       4.992
            3.456       0.060       5.312
  3930  32.298e-07  38.076e-09  39.461e-07  31.655e-09
        24.032e-06  10.236e-08  87.050e-06  12.003e-07
           11.545       0.431       7.232
           10.720       0.209       8.000
           10.342       0.103       8.064
  3935  11.222e-08  19.702e-09  14.681e-08  14.371e-09
        42.270e-08  42.726e-09  64.303e-07  10.283e-07
            0.742       0.179      -0.128
            0.494       0.087       0.064
            0.390       0.043       0.768
  3936  20.350e-08  74.860e-10  53.069e-08  94.344e-10
        18.791e-07  25.763e-09  53.872e-08  13.756e-08
            6.351       0.306       1.920
            5.893       0.148       2.048
            4.379       0.068       2.304
  3939  14.975e-08  88.280e-10  13.214e-08  61.877e-10
        14.027e-08  14.153e-09  52.575e-08  20.049e-08
            1.998       0.210       0.640
            1.854       0.105       0.768
            1.508       0.051       0.896
  3940  28.306e-09  35.619e-10  49.347e-09  36.549e-10
        17.976e-08  95.008e-10  10.810e-08  68.207e-09
            3.199       0.228       0.384
            2.330       0.106       0.384
            1.048       0.046       0.832
  3941  17.724e-08  19.757e-09  18.340e-08  18.134e-09
        27.658e-08  46.816e-09       0.000  29.237e-08
            0.630       0.186       0.064
            0.421       0.091       0.256
            0.347       0.046      -0.320
  3954  11.286e-07  26.619e-09  15.937e-07  22.831e-09
        60.586e-07  63.433e-09  18.745e-06  70.642e-08
            8.445       0.388       0.704
            8.192       0.193       0.832
            7.767       0.094       1.408
  4039  15.048e-07  30.240e-09  21.839e-07  31.853e-09
        10.420e-06  98.001e-09  68.930e-06  17.904e-07
            7.088       0.327       0.128
            5.450       0.151       2.816
            5.084       0.072       3.456
  4048  85.159e-08  24.631e-09  91.825e-08  19.860e-09
        46.354e-07  51.170e-09  96.764e-07  55.713e-08
            4.864       0.270       1.728
            4.471       0.132       1.856
            4.239       0.066       2.176
  4095  18.646e-08  41.449e-09  91.914e-09  30.353e-09
        25.832e-08  86.575e-09       0.000  47.711e-08
            1.348       0.455      -1.152
            1.159       0.225      -1.152
            0.701       0.110      -0.512
  4146  89.847e-08  43.016e-09  10.648e-07  34.947e-09
        14.474e-07  90.494e-09  11.483e-07  91.823e-08
            1.100       0.205      10.048
            0.872       0.100      13.568
            0.660       0.049      13.760
  4157  10.731e-07  27.375e-09  12.512e-07  23.874e-09
        16.450e-07  58.515e-09  70.114e-08  46.699e-08
            2.316       0.236       7.488
            2.272       0.116       7.488
            2.096       0.058       7.936
  4216  65.818e-08  22.957e-09  50.053e-08  20.389e-09
        12.691e-07  55.824e-09  32.118e-07  81.045e-08
            1.642       0.215       7.872
            1.513       0.105       8.064
            1.198       0.050       8.768
  4251  25.648e-08  36.471e-09  19.492e-08  19.299e-09
        80.318e-09  44.013e-09       0.000  76.613e-08
            0.625       0.194      -1.472
            0.372       0.094      -1.024
            0.332       0.048      -0.512
  4256  52.480e-08  45.439e-09  59.794e-08  40.939e-09
        10.192e-07  10.205e-08  59.683e-08  96.017e-08
            1.170       0.192      -0.768
            1.079       0.096       1.216
            0.777       0.046       0.000
  4312  11.084e-07  16.307e-09  98.197e-08  13.981e-09
        13.328e-07  31.012e-09  68.216e-08  25.202e-08
            9.171       0.370       0.576
            8.772       0.182       0.768
            6.934       0.083       1.024
  4327  12.558e-09  20.414e-10  32.554e-09  22.611e-10
        16.686e-08  63.530e-10  18.066e-08  40.518e-09
           10.620       0.333       0.000
            3.339       0.114       0.064
            0.858       0.045       0.448
  4350  23.426e-07  47.102e-09  19.539e-07  34.605e-09
        45.584e-07  83.002e-09  47.643e-07  78.818e-08
            3.521       0.247       0.512
            3.269       0.122       0.704
            2.816       0.059       1.088
  4368  44.431e-06  81.836e-09  32.285e-06  56.340e-09
        74.763e-06  13.115e-08  68.864e-06  80.598e-08
           58.604       0.825      20.928
           56.226       0.404      20.992
           46.868       0.184      23.104
  4388  37.084e-08  47.189e-09  47.205e-08  46.055e-09
        13.034e-07  12.825e-08  36.169e-08  10.430e-07
            1.288       0.260       0.704
            0.966       0.125       0.896
            0.866       0.063       0.896
  4556  22.270e-07  27.119e-09  36.706e-07  30.950e-09
        11.731e-06  85.624e-09  18.766e-06  75.733e-08
           16.576       0.488       1.728
           15.890       0.239       1.920
           14.074       0.113       2.432
  4569  19.164e-08  96.268e-10  26.644e-08  10.013e-09
        11.249e-07  30.470e-09  11.877e-07  30.575e-08
            2.442       0.224       3.392
            1.952       0.107       3.520
            1.446       0.050       3.648
  4653  83.974e-08  60.647e-09  90.519e-08  48.863e-09
        16.603e-07  12.445e-08       0.000  10.616e-07
            1.545       0.225       2.880
            1.235       0.108       3.008
            0.975       0.052       3.264
  4660  57.502e-09  58.490e-10  86.647e-09  52.684e-10
        83.597e-08  18.192e-09  33.960e-07  22.279e-08
            5.149       0.295       0.960
            4.275       0.138       1.024
            2.944       0.061       1.152
  4701  29.024e-07  49.760e-09  40.794e-07  46.115e-09
        14.130e-06  11.784e-08  14.175e-06  10.477e-07
            7.499       0.345      23.872
            7.135       0.169      24.064
            6.135       0.079      16.000
  4710  32.355e-08  12.223e-09  36.865e-08  12.052e-09
        97.936e-08  35.231e-09  24.197e-07  46.721e-08
            3.012       0.263       0.512
            2.894       0.130       0.512
            2.395       0.062       1.024
  4744  49.026e-10  17.306e-10  11.568e-09  16.530e-10
        38.154e-09  52.986e-10  89.304e-09  63.483e-09
            2.296       0.218       0.000
            0.912       0.091       0.064
            0.268       0.041       0.640
  4745  57.741e-08  82.008e-09  70.096e-08  79.081e-09
        36.249e-07  23.487e-08  46.105e-07  26.259e-07
            1.680       0.263       8.320
            1.485       0.129       8.512
            1.382       0.064       9.280
  4776  28.809e-09  30.176e-10  48.194e-09  35.196e-10
        30.391e-08  11.851e-09  13.830e-07  17.582e-08
            5.540       0.288       0.064
            4.593       0.137       0.192
            1.435       0.050       0.576
  4807  22.038e-10  17.129e-10  14.970e-10  15.391e-10
        37.991e-09  53.980e-10  25.502e-08  85.817e-09
            1.338       0.193       0.000
            0.516       0.083       0.064
            0.115       0.037       0.896
  4814  24.869e-08  12.072e-09  30.562e-08  96.631e-10
        12.141e-07  28.596e-09  10.639e-07  28.346e-08
            4.441       0.264       1.536
            3.618       0.122       1.600
            2.943       0.057       2.240
  4871  44.165e-10  33.207e-10  11.845e-09  33.832e-10
        82.989e-09  90.362e-10  54.925e-09  64.702e-09
            3.557       0.228       0.000
            1.238       0.091       0.128
            0.377       0.041       0.512
  4939  27.393e-08  24.244e-09  35.301e-08  18.588e-09
        10.392e-07  49.244e-09  96.520e-08  46.869e-08
            1.410       0.183       0.128
            1.314       0.091       0.256
            1.071       0.044       0.896
  4955  28.424e-09  31.643e-10  33.772e-09  35.275e-10
        18.476e-08  11.071e-09  33.380e-08  13.154e-08
            5.737       0.311       0.064
            3.490       0.131       0.192
            0.934       0.049       0.576
  4959  19.291e-08  23.905e-09  30.492e-08  22.918e-09
        90.612e-08  62.228e-09  28.176e-07  81.761e-08
            0.710       0.184       2.112
            0.494       0.089       2.304
            0.410       0.044       0.000
  5079  81.761e-10  41.542e-10  19.553e-09  43.797e-10
        82.058e-09  11.895e-09  26.315e-08  15.082e-08
            1.446       0.198       0.000
            0.909       0.090       0.192
            0.428       0.041       0.960
  5080  99.863e-08  19.579e-09  46.425e-08  11.056e-09
        36.655e-08  27.046e-09  29.421e-08  32.659e-08
            4.523       0.254       8.768
            3.998       0.124       8.832
            1.877       0.051       9.216
  5123       0.000  55.842e-10  90.604e-10  46.956e-10
        28.155e-09  10.939e-09       0.000  65.765e-09
            1.774       0.195       0.000
            0.574       0.085       0.000
            0.160       0.040       0.000
  5206  10.100e-09  30.272e-10  26.206e-09  36.265e-10
        19.972e-08  12.190e-09  23.739e-07  21.170e-08
            3.465       0.279       0.064
            2.602       0.127       0.256
            0.869       0.050       0.640
  5212  51.889e-10  29.105e-10  21.877e-09  38.772e-10
        13.925e-08  13.140e-09  56.832e-08  16.254e-08
            2.401       0.254       0.000
            1.546       0.119       0.192
            0.630       0.053       0.640
  5255  12.033e-07  27.182e-09  91.440e-08  24.842e-09
        10.289e-07  70.056e-09       0.000  53.205e-08
            1.182       0.218      12.096
            1.094       0.107      12.224
            1.036       0.054      12.224
  5277  25.241e-09  32.752e-10  75.374e-09  41.403e-10
        58.295e-08  13.867e-09  22.916e-07  14.372e-08
            8.143       0.332       0.128
            7.320       0.159       0.256
            2.530       0.057       0.640
  5304  35.485e-07  30.086e-09  69.442e-07  36.400e-09
        25.872e-06  10.651e-08  41.926e-06  96.897e-08
           13.873       0.462       4.992
           13.280       0.228       5.056
           12.107       0.110       5.760
  5305  41.491e-08  33.714e-09  36.860e-08  22.194e-09
        29.587e-08  55.473e-09  27.356e-07  12.235e-07
            1.321       0.203       0.000
            0.918       0.095       0.064
            0.581       0.045       0.576
  5339  75.590e-09  45.292e-10  12.747e-08  48.153e-10
        10.326e-07  15.985e-09  79.519e-07  20.067e-08
            7.776       0.335       0.384
            7.010       0.159       0.576
            4.519       0.067       0.960
  5379  11.708e-08  12.983e-09  19.458e-08  11.215e-09
        12.161e-07  34.644e-09  32.528e-07  46.897e-08
            1.461       0.185       5.888
            1.274       0.089       5.888
            1.029       0.043       6.464
  5387  42.897e-08  24.506e-09  80.437e-08  24.629e-09
        23.815e-07  61.974e-09  39.998e-09  28.674e-08
            1.450       0.195       2.176
            1.360       0.097       3.456
            1.225       0.049       2.560
  5389  73.260e-08  18.427e-09  12.695e-07  19.825e-09
        34.098e-07  52.197e-09  16.150e-07  42.396e-08
            4.431       0.269       2.880
            4.137       0.131       2.944
            3.742       0.063       3.648
  5407  38.163e-08  24.505e-09  83.372e-08  26.589e-09
        27.621e-07  80.867e-09  19.261e-07  76.901e-08
            0.945       0.190       1.792
            0.713       0.092       4.160
            0.632       0.046       4.928
  5409  12.226e-07  36.142e-09  14.279e-07  33.156e-09
        47.687e-07  96.124e-09  37.802e-07  10.159e-07
            1.113       0.187      13.184
            0.848       0.090      14.848
            0.775       0.045      15.680
  5410  74.427e-08  54.046e-09  43.992e-08  36.790e-09
        63.167e-08  88.106e-09  76.084e-08  11.277e-07
            0.696       0.173       9.344
            0.410       0.083      -0.256
            0.316       0.041       0.064
  5411  49.381e-08  18.093e-09  36.563e-08  14.864e-09
        52.888e-08  36.819e-09  81.257e-09  27.267e-08
            0.858       0.175       1.792
            0.791       0.086       2.368
            0.746       0.043       2.944
  5412  17.668e-07  57.309e-09  14.111e-07  38.796e-09
        24.006e-07  10.803e-08  47.971e-07  14.946e-07
            1.622       0.229      54.976
            1.391       0.114      54.400
            1.289       0.056      55.104
  5413  26.976e-07  68.269e-09  39.106e-07  51.482e-09
        82.790e-07  13.416e-08  26.608e-07  94.491e-08
            2.072       0.210      41.536
            1.718       0.102      41.536
            1.624       0.050      42.112
  5415  55.272e-08  18.861e-09  74.266e-08  19.172e-09
        17.404e-07  49.999e-09  51.452e-08  36.802e-08
            1.585       0.211       2.432
            1.404       0.103       4.352
            1.344       0.051       4.736
  5416  48.920e-08  18.141e-09  55.307e-08  18.287e-09
        14.403e-07  48.908e-09  93.820e-08  43.999e-08
            1.606       0.205       1.728
            1.311       0.100       1.920
            1.219       0.049       2.560
  5417  80.854e-08  11.631e-09  10.452e-07  12.860e-09
        33.306e-07  35.204e-09  54.061e-07  34.198e-08
            8.250       0.320       1.152
            8.158       0.160       1.152
            7.208       0.076       1.600
  5419  88.659e-08  23.610e-09  91.729e-08  21.162e-09
        16.588e-07  57.259e-09  60.703e-09  37.189e-08
            3.900       0.264      13.184
            3.429       0.127      13.376
            2.270       0.057      13.952
  5420  53.819e-08  42.772e-09  42.317e-08  34.857e-09
        11.632e-07  83.217e-09  53.270e-07  13.951e-07
            0.561       0.172      -0.448
            0.458       0.084      -1.152
            0.331       0.041      -0.448
  5421  20.366e-07  62.205e-09  24.214e-07  51.467e-09
        83.618e-07  15.692e-08  21.804e-07  12.448e-07
            2.252       0.217      59.776
            1.968       0.105      59.968
            1.534       0.049      64.128
  5423  13.605e-08  12.472e-09  12.120e-08  10.933e-09
        23.341e-08  28.733e-09  80.905e-09  25.006e-08
            1.007       0.183      -0.128
            0.772       0.090       0.000
            0.570       0.043       0.448
  5425  26.711e-09  36.793e-10       0.000  54.966e-10
        15.877e-08  18.992e-09  37.839e-08  12.631e-08
            3.011       0.237       0.000
            1.118       0.098       0.000
            0.322       0.044       0.000
  5427  41.946e-08  19.201e-09  56.725e-08  15.702e-09
        14.908e-07  41.345e-09  70.828e-08  34.424e-08
            1.865       0.198       3.392
            1.484       0.095       3.392
            1.378       0.047       3.776
  5428  38.196e-08  33.538e-09  36.691e-08  28.409e-09
        43.442e-08  76.729e-09       0.000  40.348e-08
            1.668       0.241      39.232
            1.406       0.118      39.296
            1.183       0.057      39.424
  5429  12.494e-07  74.882e-09  11.003e-07  48.228e-09
        41.481e-07  14.012e-08  79.685e-07  18.051e-07
            2.218       0.238       0.448
            2.038       0.117       0.512
            1.767       0.056       1.088
  5433  44.573e-08  26.094e-09  58.913e-08  24.308e-09
        14.542e-07  72.460e-09  35.915e-07  11.126e-07
            3.134       0.244       2.496
            2.827       0.119       2.624
            2.682       0.059       2.688
  5434  29.848e-08  25.092e-09  22.453e-08  16.998e-09
        78.282e-08  47.665e-09  18.691e-07  62.818e-08
            0.950       0.203       1.088
            0.920       0.101       0.832
            0.791       0.050       1.472
  5436  98.899e-08  19.633e-09  58.167e-08  11.729e-09
        61.391e-08  28.485e-09       0.000  14.344e-08
            5.561       0.327       1.216
            5.361       0.161       1.280
            4.208       0.075       1.856
  5439  70.784e-09  56.878e-10  10.253e-08  57.019e-10
        43.737e-08  15.404e-09  20.741e-07  20.189e-08
           13.265       0.401       0.448
            6.788       0.153       0.576
            2.320       0.055       0.832
  5443  20.567e-09  44.977e-10  33.080e-09  41.227e-10
        54.578e-09  11.052e-09       0.000  14.190e-08
            0.527       0.159      -0.192
            0.411       0.078       0.000
            0.335       0.039       0.000
  5446  11.795e-07  11.539e-08  16.190e-07  90.044e-09
        35.793e-07  26.581e-08       0.000  17.629e-07
            0.693       0.168     207.104
            0.648       0.084     207.168
            0.444       0.041       5.056
  5447  44.612e-07  45.772e-09  23.347e-07  39.032e-09
        26.819e-07  10.516e-08       0.000  84.087e-08
            4.104       0.277       6.656
            3.879       0.136       6.720
            3.257       0.065       7.232
  5448  21.613e-10  23.697e-10  11.487e-09  31.375e-10
        21.592e-08  10.644e-09  83.694e-08  12.158e-08
            1.297       0.180       0.640
            1.002       0.087       0.704
            0.765       0.042       0.832
  5450  74.193e-08  39.832e-09  11.073e-07  41.421e-09
        46.254e-07  11.502e-08  10.200e-06  14.272e-07
            4.471       0.275      17.088
            4.153       0.133      17.280
            2.670       0.057      17.728
  5451  98.408e-08  21.151e-09  14.155e-07  20.478e-09
        42.462e-07  54.259e-09  18.423e-07  44.370e-08
            4.513       0.255      11.008
            4.303       0.126      11.008
            3.999       0.062      11.264
  5452  51.539e-08  79.413e-09  59.666e-08  54.551e-09
        18.476e-07  16.303e-08  42.634e-07  21.510e-07
            0.876       0.206       0.448
            0.663       0.098       0.512
            0.551       0.049       0.704
  5453  58.335e-10  27.672e-10  20.129e-09  32.265e-10
        71.293e-09  91.497e-10  12.713e-08  86.401e-09
            1.003       0.182       0.000
            0.837       0.089       0.064
            0.406       0.041       0.768
  5454  68.401e-08  29.025e-09  53.097e-08  24.894e-09
        11.550e-07  72.085e-09  70.373e-08  79.100e-08
            1.155       0.209       0.000
            1.020       0.100       0.320
            0.799       0.049       0.896
  5456  97.238e-09  76.317e-10  17.241e-08  79.808e-10
        48.803e-08  21.178e-09  48.162e-08  19.986e-08
            3.442       0.241       0.320
            2.874       0.114       0.192
            1.547       0.049       0.704
  5457  53.773e-08  31.318e-09  78.532e-08  30.058e-09
        24.402e-07  81.327e-09  80.601e-07  11.695e-07
            1.268       0.196       1.600
            1.196       0.097       1.664
            0.963       0.047       1.856
  5458  65.765e-10  13.006e-10  65.391e-10  10.800e-10
        91.053e-10  25.451e-10       0.000  34.192e-09
            1.459       0.214       0.000
            0.443       0.094       0.000
            0.073       0.044       0.576
  5459  85.654e-10  36.982e-10  10.389e-09  33.625e-10
        34.400e-09  84.740e-10       0.000  10.322e-08
            1.410       0.209       0.000
            0.858       0.095       0.128
            0.212       0.042       0.512
  5461  98.048e-10  51.132e-10  40.334e-09  67.692e-10
        25.107e-08  20.395e-09  19.191e-08  18.153e-08
            1.673       0.192       0.000
            1.088       0.087       0.128
            0.847       0.042       0.896
  5462  13.620e-10  40.644e-10  16.479e-09  52.820e-10
        55.455e-09  14.964e-09       0.000  12.336e-08
            1.510       0.223       0.000
            0.754       0.100       0.000
            0.230       0.046       0.000
  5463  86.416e-08  48.832e-09  90.098e-08  33.500e-09
        27.478e-07  88.810e-09  78.798e-07  11.807e-07
            1.086       0.198      19.136
            0.761       0.095      27.328
            0.630       0.047      21.760
  5464  38.139e-08  19.938e-09  55.693e-08  19.841e-09
        27.357e-07  56.511e-09  46.370e-07  66.624e-08
            3.407       0.240      16.000
            2.600       0.112      16.192
            1.710       0.050      16.576
  5465  93.056e-09  11.348e-09  10.561e-08  89.769e-10
        14.856e-08  21.998e-09       0.000  21.740e-08
            0.718       0.181       0.192
            0.643       0.090      -1.024
            0.555       0.046      -0.320
  5466  93.193e-08  44.272e-09  45.666e-08  25.028e-09
        36.713e-08  65.580e-09  80.468e-08  98.549e-08
            0.839       0.202       0.192
            0.734       0.101       1.088
            0.646       0.050       1.152
  5467  40.892e-09  75.034e-10  70.001e-09  73.845e-10
        55.039e-08  22.291e-09  17.120e-07  30.651e-08
            1.529       0.202       0.064
            1.401       0.097       0.192
            1.120       0.046       0.896
  5469  15.083e-09  42.267e-10  58.592e-09  52.267e-10
        31.911e-08  15.407e-09  30.621e-08  12.064e-08
            3.202       0.259       0.000
            2.098       0.112       0.192
            1.144       0.049       0.896
  5470  27.579e-08  17.326e-09  46.065e-08  17.946e-09
        23.438e-07  50.389e-09  18.604e-06  85.074e-08
            5.789       0.310       0.128
            4.794       0.143       0.256
            4.296       0.068       2.688
  5471  50.828e-09  55.268e-10  54.876e-09  57.192e-10
        75.339e-08  18.363e-09  10.969e-06  37.642e-08
            2.973       0.241       0.128
            2.464       0.111       1.152
            2.103       0.054       1.088
  5472  79.977e-08  36.993e-09  68.751e-08  29.866e-09
        16.584e-07  78.033e-09  86.549e-08  66.341e-08
            2.134       0.218       0.512
            1.961       0.107       0.640
            1.422       0.051       1.024
  5473  14.054e-07  32.289e-09  18.721e-07  33.262e-09
        71.849e-07  10.308e-08  15.738e-06  14.130e-07
            3.998       0.271      51.840
            3.788       0.133      51.840
            2.941       0.061      51.968
  5474  99.646e-08  29.042e-09  51.717e-08  17.708e-09
        72.699e-08  39.308e-09  46.745e-08  36.260e-08
            1.016       0.181       4.352
            0.909       0.090       4.544
            0.808       0.045       5.312
  5475  44.474e-08  30.499e-09  54.926e-08  29.533e-09
        19.830e-07  76.279e-09  37.552e-07  99.698e-08
            2.717       0.220       1.408
            2.416       0.106       1.472
            1.391       0.046       1.728
  5476  86.924e-08  24.750e-09  86.833e-08  21.014e-09
        18.136e-07  56.775e-09  11.009e-07  54.449e-08
            2.789       0.236      15.104
            2.550       0.116      15.168
            1.996       0.054      15.488
  5477  72.387e-08  15.336e-09  10.693e-07  16.192e-09
        78.923e-07  53.022e-09  10.147e-05  92.041e-08
           29.352       0.694       1.536
           23.874       0.311       1.664
           18.434       0.136       2.368
  5478  13.888e-07  52.558e-09  21.314e-07  54.954e-09
        58.728e-07  16.364e-08  23.373e-07  14.856e-07
            3.095       0.240       2.368
            2.959       0.119       2.176
            2.772       0.059       2.496
  5479  14.670e-07  33.040e-09  17.331e-07  29.269e-09
        41.512e-07  86.374e-09  50.851e-07  99.140e-08
            2.893       0.230      52.416
            2.756       0.115      52.608
            2.500       0.056      53.120
  5480  10.550e-07  30.715e-09  85.677e-08  22.133e-09
        97.981e-08  59.083e-09       0.000  31.507e-08
            0.826       0.170       2.752
            0.650       0.082       2.944
            0.573       0.041       3.456
  5482  20.592e-07  11.111e-08  26.621e-07  11.077e-08
        71.928e-07  31.754e-08  66.752e-07  31.955e-07
            1.287       0.241      21.824
            1.154       0.116      13.120
            0.981       0.057      22.016
  5483  14.789e-08  95.267e-10  10.970e-08  72.344e-10
        11.450e-08  18.161e-09  45.656e-09  16.549e-08
            1.570       0.217       0.000
            1.324       0.106       0.128
            0.829       0.050       0.704
  5484  47.325e-08  22.209e-09  63.042e-08  20.040e-09
        20.405e-07  54.567e-09  32.356e-07  55.503e-08
            2.951       0.239       4.288
            2.679       0.119       4.416
            2.368       0.058       5.056
  5485  30.688e-09  70.436e-10  34.263e-09  64.836e-10
        11.840e-08  17.042e-09  32.591e-08  24.999e-08
            0.627       0.171      -0.704
            0.396       0.084      -1.216
            0.285       0.041      -0.704
  5486  67.402e-07  50.188e-09  78.866e-07  40.060e-09
        26.133e-06  11.376e-08  52.081e-06  12.909e-07
           10.332       0.374      75.264
            9.345       0.181      75.456
            8.480       0.087      76.160
  5487  26.749e-08  30.127e-09  27.553e-08  20.228e-09
        23.312e-08  40.938e-09       0.000  39.213e-08
            0.832       0.203      -0.192
            0.523       0.098      -0.192
            0.455       0.049       0.384
  5488  88.859e-11  12.240e-10  59.426e-10  16.638e-10
        40.882e-09  50.309e-10  20.516e-09  32.556e-09
            1.087       0.181       0.000
            0.718       0.084       0.128
            0.184       0.038       0.576
  5489  42.276e-07  53.422e-09  48.018e-07  41.572e-09
        17.442e-06  12.195e-08  24.450e-06  13.700e-07
            9.958       0.361      47.488
            9.436       0.177      47.616
            8.735       0.086      48.000
  5490  25.914e-08  22.006e-09  37.368e-08  20.287e-09
        64.611e-08  45.667e-09       0.000  22.358e-08
            1.138       0.213       4.544
            0.969       0.103       4.736
            0.664       0.050       5.248
  5491  74.868e-10  17.146e-10  14.078e-09  18.472e-10
        47.480e-09  49.516e-10       0.000  36.862e-09
            2.061       0.211       0.064
            1.143       0.094       0.192
            0.395       0.041       0.512
  5492  17.961e-08  24.055e-09  33.698e-08  26.121e-09
        14.486e-07  80.246e-09  46.173e-07  11.029e-07
            1.117       0.194       3.456
            1.006       0.096       3.584
            0.819       0.046       4.096
  5493  78.334e-08  62.516e-09  91.654e-08  41.722e-09
        18.501e-07  10.897e-08  28.873e-07  11.689e-07
            1.183       0.193      32.704
            0.808       0.092      32.896
            0.570       0.046       0.000
  5494  59.541e-09  13.058e-09  55.330e-09  12.114e-09
        29.424e-08  35.873e-09  73.916e-08  50.359e-08
            0.997       0.207       0.896
            0.881       0.101       0.960
            0.752       0.050       1.472
  5495  45.940e-08  32.822e-09  49.256e-08  27.848e-09
        13.022e-07  67.039e-09  11.122e-07  58.178e-08
            2.394       0.232       0.256
            2.124       0.113       0.448
            1.792       0.055       0.960
  5497  11.984e-07  63.043e-09  76.998e-08  39.663e-09
        11.084e-07  10.479e-08  13.090e-08  82.951e-08
            0.850       0.173      -0.128
            0.678       0.084       0.000
            0.468       0.040       0.512
  5498  15.935e-10  26.143e-10  81.010e-10  30.916e-10
        50.429e-09  10.000e-09  97.819e-09  10.050e-08
            0.961       0.187      -0.064
            0.712       0.091       0.064
            0.229       0.041       0.576
  5499  11.151e-09  28.350e-10  22.821e-09  32.710e-10
        14.983e-08  10.230e-09  63.240e-08  14.507e-08
            1.559       0.204       0.128
            1.338       0.098       0.192
            0.693       0.044       0.896
  5500  14.595e-09  22.577e-10  17.894e-09  21.387e-10
        15.707e-08  66.388e-10  19.535e-08  58.162e-09
            6.910       0.299       0.000
            2.767       0.117       0.128
            0.708       0.048       0.384
  5501  10.373e-09  29.890e-10  22.081e-09  33.816e-10
        65.725e-09  93.241e-10       0.000  76.715e-09
            1.687       0.212       0.192
            1.135       0.098       0.192
            0.417       0.043       0.640
  5502  44.711e-10  14.894e-10  24.493e-10  17.986e-10
        71.393e-09  64.105e-10  43.071e-07  21.812e-08
            3.846       0.297       0.000
            1.015       0.104       0.000
            0.288       0.045       0.512
  5503  71.747e-08  75.315e-09  48.244e-08  51.164e-09
        42.215e-08  11.756e-08       0.000  14.672e-07
            0.641       0.167       0.192
            0.500       0.083      -0.064
            0.431       0.041       0.384
  5504  20.094e-08  12.243e-09  20.213e-08  97.844e-10
        23.253e-08  23.182e-09  15.199e-08  21.468e-08
            2.755       0.248       0.192
            2.565       0.123       0.384
            1.637       0.056       0.832
  5505  17.268e-08  28.201e-09  24.760e-08  24.134e-09
        82.285e-08  64.699e-09  17.407e-07  77.818e-08
            1.041       0.197       1.792
            0.761       0.095       2.368
            0.662       0.046       2.624
  5507  13.880e-08  26.058e-09  15.185e-08  19.690e-09
        24.736e-08  47.711e-09       0.000  48.155e-08
            0.600       0.187       0.064
            0.402       0.090      -0.448
            0.292       0.045       0.192
  5508  10.985e-08  11.801e-09  13.309e-08  10.265e-09
        14.835e-08  24.264e-09       0.000  14.134e-08
            1.398       0.211       0.064
            1.218       0.105       0.192
            0.793       0.050       0.576
  5509  10.962e-07  67.041e-09  97.901e-08  49.662e-09
        28.442e-07  14.030e-08  77.718e-07  20.388e-07
            0.635       0.173       2.944
            0.511       0.084       3.072
            0.428       0.042       3.456
  5510  82.548e-08  12.832e-08  96.575e-08  10.054e-08
        18.462e-07  25.563e-08       0.000  11.734e-07
            0.689       0.236      15.168
            0.443       0.117      -0.640
            0.379       0.059      -0.256
  5512  20.030e-07  54.797e-09  34.317e-07  53.192e-09
        11.548e-06  14.213e-08  34.646e-06  17.911e-07
            3.732       0.277      21.504
            3.457       0.136      21.632
            3.126       0.066      22.336
  5513  67.522e-09  25.799e-09  14.332e-08  26.755e-09
        34.017e-08  76.164e-09  61.815e-08  88.136e-08
            0.327       0.172       0.512
            0.361       0.085      -0.384
            0.255       0.042       0.192
  5514  78.404e-09  91.091e-10  25.751e-09  42.069e-10
        12.841e-09  94.200e-10  19.146e-08  33.585e-08
            2.020       0.212       0.000
            1.019       0.100       0.000
            0.291       0.040       0.000
  5515  36.596e-08  29.966e-09  57.201e-08  27.686e-09
        13.125e-07  77.265e-09  20.467e-07  84.843e-08
            1.070       0.208       0.832
            1.016       0.103       0.896
            0.878       0.051       1.536
  5516  11.132e-08  23.240e-09  36.063e-08  25.579e-09
        89.018e-08  63.838e-09  28.505e-10  31.356e-08
            0.732       0.194       2.944
            0.569       0.096       0.064
            0.432       0.047       0.064
  5517  24.439e-08  19.130e-09  34.326e-08  15.314e-09
        98.885e-08  46.250e-09  31.940e-08  38.680e-08
            2.057       0.228       0.576
            1.768       0.110       1.088
            1.758       0.055       1.536
  5518  75.193e-08  26.894e-09  83.008e-08  19.410e-09
        24.476e-07  48.436e-09  33.770e-07  48.046e-08
            2.543       0.223       6.400
            2.353       0.109       6.400
            2.152       0.053       7.040
  5523  10.199e-07  25.131e-09  11.605e-07  23.535e-09
        27.433e-07  66.469e-09  19.573e-07  65.834e-08
            3.733       0.276       1.024
            3.665       0.138       1.216
            3.523       0.068       1.472
  5524  22.137e-08  26.723e-09  33.903e-08  27.559e-09
        72.551e-08  83.085e-09       0.000  94.562e-08
            0.570       0.170       0.000
            0.491       0.082       0.128
            0.454       0.041       0.576
  5526  15.681e-07  33.291e-09  21.505e-07  33.179e-09
        64.139e-07  88.882e-09  10.044e-06  10.129e-07
            3.779       0.256      16.768
            3.385       0.124      16.832
            2.671       0.058      17.344
  5527  41.433e-09  36.872e-10  75.466e-09  42.096e-10
        79.500e-08  13.843e-09  58.279e-07  16.956e-08
            5.038       0.263       0.640
            4.499       0.129       0.448
            3.256       0.058       0.896
  5528  14.106e-09  29.711e-10  27.707e-09  34.296e-10
        17.940e-08  10.360e-09  10.581e-07  14.217e-08
            2.266       0.218       0.128
            1.983       0.106       0.192
            0.833       0.045       0.768
  5529  19.400e-09  32.045e-10  43.491e-09  40.463e-10
        26.281e-08  12.343e-09  30.405e-08  10.411e-08
            4.230       0.290       0.064
            2.776       0.128       0.256
            1.252       0.054       0.832
  5530  10.348e-07  15.793e-09  89.188e-08  11.624e-09
        13.125e-07  27.706e-09  19.563e-09  13.300e-08
            6.695       0.299       2.752
            5.495       0.140       2.816
            3.826       0.063       0.960
  5531  10.451e-07  28.115e-09  87.836e-08  20.418e-09
        18.938e-07  55.201e-09  60.673e-08  45.022e-08
            1.870       0.211       4.928
            1.668       0.102       5.888
            1.546       0.050       5.888
  5532  24.461e-08  35.888e-09  30.623e-08  29.437e-09
        19.651e-07  91.558e-09  40.092e-07  13.277e-07
            1.078       0.194      -0.192
            0.773       0.093       0.384
            0.584       0.045       0.576
  5533  38.379e-09  43.837e-10  51.130e-09  45.350e-10
        69.545e-08  15.459e-09  44.078e-07  21.244e-08
            5.123       0.303       0.384
            4.865       0.148       0.576
            2.747       0.064       0.704
  5534  10.519e-07  16.316e-09  94.057e-08  14.367e-09
        15.679e-07  33.100e-09  90.646e-08  27.097e-08
            5.123       0.294       1.216
            4.886       0.146       1.408
            4.593       0.072       2.048
  5536  53.933e-10  11.243e-10  60.169e-10  10.730e-10
        21.690e-09  28.467e-10       0.000  22.186e-09
            2.064       0.219       0.000
            0.582       0.090       0.000
            0.121       0.040       0.448
  5537  53.176e-10  36.791e-10  94.752e-10  31.864e-10
        73.797e-09  99.788e-10  22.691e-08  12.702e-08
            0.986       0.195      -0.128
            0.861       0.095       0.000
            0.328       0.043       0.640
  5538  77.800e-09  18.694e-09  22.479e-08  19.473e-09
        97.127e-08  49.730e-09  25.958e-07  50.117e-08
            0.807       0.191       5.632
            0.630       0.091       3.648
            0.492       0.045       3.904
  5539  28.859e-08  30.348e-09  45.104e-08  29.563e-09
        83.826e-08  92.341e-09       0.000  62.913e-08
            2.176       0.256       1.024
            1.879       0.125       1.216
            1.395       0.061       0.256
  5540  93.260e-08  75.709e-09  46.894e-08  39.644e-09
        61.025e-08  85.805e-09  29.675e-07  13.263e-07
            1.341       0.206       0.000
            1.070       0.101       0.064
            0.700       0.049       0.256
  5541  42.695e-08  21.197e-09  60.328e-08  20.839e-09
        12.837e-07  59.729e-09  13.670e-07  64.270e-08
            1.839       0.228       1.664
            1.656       0.113       1.792
            1.461       0.056       2.304
  5542  42.085e-08  36.788e-09  63.252e-08  31.572e-09
        39.171e-07  90.505e-09  46.865e-07  88.287e-08
            1.499       0.229       9.152
            1.440       0.113       9.344
            1.300       0.056      10.048
  5543  11.570e-09  61.196e-10  61.205e-10  49.620e-10
        30.962e-09  12.322e-09  41.318e-08  29.196e-08
            0.870       0.204       0.000
            0.614       0.097       0.000
            0.173       0.045       0.000
  5545  13.670e-08  12.032e-09  24.185e-08  13.446e-09
        96.921e-08  42.562e-09  15.804e-07  53.728e-08
            2.449       0.241       0.448
            2.229       0.118       0.512
            2.204       0.058       1.216
  5546  18.947e-09  83.990e-10  34.887e-09  87.152e-10
        24.597e-08  28.125e-09  21.307e-07  53.911e-08
            1.077       0.220       0.512
            0.605       0.102       0.512
            0.492       0.050       0.640
  5547  30.062e-09  53.227e-10  18.365e-09  39.995e-10
        28.414e-08  12.263e-09  17.416e-07  18.960e-08
            1.967       0.235       0.448
            1.680       0.115       0.512
            1.135       0.054       0.896
  5548  29.417e-07  57.757e-09  25.214e-07  48.367e-09
        51.054e-07  11.593e-08  46.820e-07  12.133e-07
            5.963       0.305      16.704
            5.950       0.152      16.896
            5.095       0.072      17.088
  5551  14.663e-07  50.414e-09  11.738e-07  40.231e-09
        28.151e-07  98.732e-09       0.000  51.850e-08
            0.865       0.190      -0.896
            0.885       0.094      34.944
            0.774       0.047      35.136
  5554  48.668e-08  28.837e-09  76.744e-08  26.185e-09
        30.239e-07  75.469e-09  87.711e-07  10.693e-07
            1.455       0.197       6.656
            1.256       0.096       6.720
            1.154       0.047       7.296
  5555  74.884e-08  40.259e-09  61.055e-08  31.603e-09
        17.813e-07  91.810e-09       0.000  43.840e-08
            1.032       0.210       2.560
            0.789       0.104       6.848
            0.660       0.052       6.976
  5556  49.773e-09  67.610e-10  60.206e-09  52.232e-10
        14.857e-08  14.578e-09       0.000  95.508e-09
            1.584       0.205       0.064
            1.299       0.100       0.128
            0.891       0.047       0.320
  5557  59.521e-10  44.182e-10  10.961e-09  44.886e-10
        22.527e-09  13.151e-09       0.000  15.907e-08
            2.124       0.228       0.000
            0.720       0.095       0.000
            0.194       0.044       0.000
  5559  32.290e-09  76.477e-10  44.164e-09  76.555e-10
        33.523e-08  20.417e-09  64.790e-08  25.422e-08
            0.676       0.163       1.856
            0.548       0.082       1.856
            0.386       0.038       2.112
  5560       0.000  33.986e-10  98.530e-10  31.949e-10
        72.663e-09  98.989e-10  15.369e-08  85.359e-09
            1.002       0.188       0.000
            0.746       0.089       0.000
            0.311       0.041       0.448
  5561  81.475e-09  32.820e-10  11.974e-08  33.356e-10
        22.166e-08  72.331e-10  25.711e-09  29.570e-09
           19.280       0.451       0.000
            7.392       0.157       0.128
            1.867       0.056       0.448
  5562  38.654e-10  14.378e-10  93.716e-10  16.986e-10
        90.508e-09  57.286e-10  26.384e-08  60.449e-09
            2.566       0.220       0.064
            1.503       0.094       0.128
            0.414       0.038       0.640
  5563  68.741e-08  13.893e-09  11.371e-07  13.941e-09
        27.475e-07  32.900e-09  27.912e-07  22.125e-08
           22.704       0.587       1.408
           21.435       0.286       1.600
           13.793       0.118       2.048
  5564  12.335e-09  33.566e-10  18.526e-09  34.886e-10
        16.909e-08  10.875e-09  15.425e-07  18.780e-08
            6.734       0.342       0.064
            2.806       0.125       0.192
            0.721       0.047       0.576
  5565  14.890e-08  11.596e-09  12.856e-08  93.440e-10
        14.292e-08  23.074e-09       0.000  15.746e-08
            1.376       0.195      -0.128
            1.298       0.096       0.000
            0.682       0.044       0.640
  5566  85.894e-08  40.122e-09  88.524e-08  30.019e-09
        36.057e-07  85.826e-09  78.693e-07  10.916e-07
            1.097       0.191      24.640
            0.885       0.091       3.648
            0.786       0.045       3.968
  5567  25.428e-07  27.768e-09  29.510e-07  23.415e-09
        12.573e-06  68.150e-09  26.759e-06  61.355e-08
           22.802       0.567      11.776
           21.894       0.279      11.968
           18.727       0.129      12.608
  5568  47.789e-08  11.240e-09  86.454e-08  12.861e-09
        67.137e-07  42.446e-09  32.446e-06  45.570e-08
           13.944       0.415       1.920
           13.326       0.204       1.920
           12.201       0.098       2.496
  5569  52.151e-08  31.413e-09  40.147e-08  19.066e-09
        55.028e-08  44.255e-09  48.334e-09  29.376e-08
            0.878       0.180       3.136
            0.626       0.088       3.200
            0.556       0.043       3.520
  5571  63.838e-09  65.842e-10  98.081e-09  64.271e-10
        32.441e-08  18.993e-09  44.364e-08  20.208e-08
            2.887       0.242       0.192
            2.448       0.117       0.192
            1.409       0.052       0.640
  5572  69.612e-09  10.879e-09  10.388e-08  93.703e-10
        54.070e-08  26.071e-09  29.460e-08  21.275e-08
            7.186       0.298       0.832
            3.431       0.121       0.896
            1.717       0.053       0.960
  5573  47.130e-09  13.473e-09  46.967e-09  93.021e-10
        14.970e-08  25.959e-09  13.037e-07  51.601e-08
            0.569       0.176      -0.832
            0.350       0.085      -0.192
            0.332       0.043       0.064
  5574  11.671e-07  43.815e-09  10.686e-07  31.310e-09
        30.637e-07  83.946e-09  16.902e-07  74.072e-08
            1.255       0.201      14.208
            1.176       0.100      14.336
            0.705       0.047      14.720
  5575  13.204e-07  19.414e-09  12.297e-07  15.783e-09
        30.709e-07  40.982e-09  58.346e-07  47.041e-08
            9.500       0.364       0.320
            8.680       0.177       0.384
            5.799       0.076       9.472
  5576  12.405e-10  19.460e-10  61.397e-10  22.344e-10
        43.255e-09  66.875e-10  13.678e-08  58.570e-09
            0.995       0.234       0.000
            0.755       0.113       0.064
            0.183       0.051       0.448
  5581  25.184e-08  17.611e-09  21.681e-08  15.550e-09
        44.186e-08  45.531e-09       0.000  41.385e-08
            0.784       0.198      -0.192
            0.574       0.097      -0.192
            0.499       0.049       0.064
  5585  17.066e-07  60.733e-09  20.615e-07  54.352e-09
        38.139e-07  13.911e-08  15.564e-06  21.906e-07
            1.801       0.214     170.560
            1.614       0.104     170.752
            1.128       0.049      94.656